symbol,lastPrice,volume
ETHBTC,0.05460000,24638.57060000
LTCBTC,0.00214700,27686.46900000
BNBBTC,0.00739500,17668.95600000
NEOBTC,0.00023510,7157.71000000
QTUMETH,0.00136000,395.40000000
EOSETH,0.00034240,13124.00000000
SNTETH,0.00001545,958836.00000000
BNTETH,0.00037970,191653.50000000
BCCBTC,0.00000000,0.00000000
GASBTC,0.00007960,6726.00000000
BNBETH,0.13540000,7389.97100000
BTCUSDT,28497.20000000,29568.39090000
ETHUSDT,1555.95000000,190137.37790000
HSRBTC,0.00000000,0.00000000
OAXETH,0.00000000,0.00000000
DNTETH,0.00000000,0.00000000
MCOETH,0.00000000,0.00000000
ICNETH,0.00000000,0.00000000
MCOBTC,0.00000000,0.00000000
WTCBTC,0.00000504,287208.00000000
WTCETH,0.00000000,0.00000000
LRCBTC,0.00000565,113162.00000000
LRCETH,0.00010336,19856.00000000
QTUMBTC,0.00007430,6724.20000000
YOYOBTC,0.00000000,0.00000000
OMGBTC,0.00000000,0.00000000
OMGETH,0.00000000,0.00000000
ZRXBTC,0.00000738,815052.00000000
ZRXETH,0.00000000,0.00000000
STRATBTC,0.00000000,0.00000000
STRATETH,0.00000000,0.00000000
SNGLSBTC,0.00000000,0.00000000
SNGLSETH,0.00000000,0.00000000
BQXBTC,0.00000000,0.00000000
BQXETH,0.00000000,0.00000000
KNCBTC,0.00002253,235024.40000000
KNCETH,0.00000000,0.00000000
FUNBTC,0.00000000,0.00000000
FUNETH,0.00000269,1563162.00000000
SNMBTC,0.00000057,26662465.00000000
SNMETH,0.00000000,0.00000000
NEOETH,0.00430400,949.74000000
IOTABTC,0.00000495,524281.00000000
IOTAETH,0.00009050,16363.00000000
LINKBTC,0.00025870,133253.17000000
LINKETH,0.00473700,15724.38000000
XVGBTC,0.00000000,0.00000000
XVGETH,0.00000202,773527.00000000
SALTBTC,0.00000000,0.00000000
SALTETH,0.00000000,0.00000000
MDABTC,0.00000000,0.00000000
MDAETH,0.00000000,0.00000000
MTLBTC,0.00004382,4278.70000000
MTLETH,0.00068340,4696.30000000
SUBBTC,0.00000000,0.00000000
SUBETH,0.00000000,0.00000000
EOSBTC,0.00001868,494518.20000000
SNTBTC,0.00000086,3416428.00000000
ETCETH,0.00949000,530.63000000
ETCBTC,0.00051800,10524.76000000
MTHBTC,0.00000000,0.00000000
MTHETH,0.00000000,0.00000000
ENGBTC,0.00000000,0.00000000
ENGETH,0.00000000,0.00000000
DNTBTC,0.00000000,0.00000000
ZECBTC,0.00087200,19144.88100000
ZECETH,0.01598000,364.21800000
BNTBTC,0.00002073,915499.80000000
ASTBTC,0.00000285,472611.00000000
ASTETH,0.00000000,0.00000000
DASHBTC,0.00087100,4868.79100000
DASHETH,0.01592000,96.06700000
OAXBTC,0.00000570,6937331.00000000
ICNBTC,0.00000000,0.00000000
BTGBTC,0.00000000,0.00000000
BTGETH,0.00000000,0.00000000
EVXBTC,0.00000000,0.00000000
EVXETH,0.00000000,0.00000000
REQBTC,0.00000227,4248912.00000000
REQETH,0.00000000,0.00000000
VIBBTC,0.00000192,12697479.00000000
VIBETH,0.00000000,0.00000000
HSRETH,0.00000000,0.00000000
TRXBTC,0.00000313,11857742.00000000
TRXETH,0.00005732,3259804.00000000
POWRBTC,0.00000554,1246132.00000000
POWRETH,0.00010210,71314.00000000
ARKBTC,0.00000000,0.00000000
ARKETH,0.00000000,0.00000000
YOYOETH,0.00000000,0.00000000
XRPBTC,0.00001696,11465885.00000000
XRPETH,0.00031040,1331926.00000000
MODBTC,0.00000000,0.00000000
MODETH,0.00000000,0.00000000
ENJBTC,0.00000729,217665.60000000
ENJETH,0.00013300,72269.60000000
STORJBTC,0.00001331,530871.00000000
STORJETH,0.00000000,0.00000000
BNBUSDT,210.80000000,253618.76000000
VENBNB,0.00000000,0.00000000
YOYOBNB,0.00000000,0.00000000
POWRBNB,0.00000000,0.00000000
VENBTC,0.00000000,0.00000000
VENETH,0.00000000,0.00000000
KMDBTC,0.00000738,282584.00000000
KMDETH,0.00000000,0.00000000
NULSBNB,0.00000000,0.00000000
RCNBTC,0.00000000,0.00000000
RCNETH,0.00000000,0.00000000
RCNBNB,0.00000000,0.00000000
NULSBTC,0.00000601,80783.00000000
NULSETH,0.00000000,0.00000000
RDNBTC,0.00000000,0.00000000
RDNETH,0.00000000,0.00000000
RDNBNB,0.00000000,0.00000000
XMRBTC,0.00530400,29393.48900000
XMRETH,0.09714000,1523.47500000
DLTBNB,0.00000000,0.00000000
WTCBNB,0.00000000,0.00000000
DLTBTC,0.00000000,0.00000000
DLTETH,0.00000000,0.00000000
AMBBTC,0.00000029,11722671.00000000
AMBETH,0.00000000,0.00000000
AMBBNB,0.00000000,0.00000000
BCCETH,0.00000000,0.00000000
BCCUSDT,0.00000000,0.00000000
BCCBNB,0.00000000,0.00000000
BATBTC,0.00000613,79009.00000000
BATETH,0.00010630,6199.00000000
BATBNB,0.00000000,0.00000000
BCPTBTC,0.00000000,0.00000000
BCPTETH,0.00000000,0.00000000
BCPTBNB,0.00000000,0.00000000
ARNBTC,0.00000000,0.00000000
ARNETH,0.00000000,0.00000000
GVTBTC,0.00000000,0.00000000
GVTETH,0.00000000,0.00000000
CDTBTC,0.00000000,0.00000000
CDTETH,0.00000000,0.00000000
GXSBTC,0.00000000,0.00000000
GXSETH,0.00000000,0.00000000
NEOUSDT,6.69000000,215466.08000000
NEOBNB,0.03191000,149.29000000
POEBTC,0.00000000,0.00000000
POEETH,0.00000000,0.00000000
QSPBTC,0.00000000,0.00000000
QSPETH,0.00000000,0.00000000
QSPBNB,0.00000000,0.00000000
BTSBTC,0.00000000,0.00000000
BTSETH,0.00000000,0.00000000
BTSBNB,0.00000000,0.00000000
XZCBTC,0.00000000,0.00000000
XZCETH,0.00000000,0.00000000
XZCBNB,0.00000000,0.00000000
LSKBTC,0.00002720,67484.50000000
LSKETH,0.00049300,1527.40000000
LSKBNB,0.00000000,0.00000000
TNTBTC,0.00000000,0.00000000
TNTETH,0.00000000,0.00000000
FUELBTC,0.00000000,0.00000000
FUELETH,0.00000000,0.00000000
MANABTC,0.00000969,303114.00000000
MANAETH,0.00017750,10956.00000000
BCDBTC,0.00000000,0.00000000
BCDETH,0.00000000,0.00000000
DGDBTC,0.00000000,0.00000000
DGDETH,0.00000000,0.00000000
IOTABNB,0.00071700,92481.00000000
ADXBTC,0.00000464,960955.00000000
ADXETH,0.00008480,240190.00000000
ADXBNB,0.00000000,0.00000000
ADABTC,0.00000854,4304508.20000000
ADAETH,0.00015620,403621.60000000
PPTBTC,0.00000000,0.00000000
PPTETH,0.00000000,0.00000000
CMTBTC,0.00000000,0.00000000
CMTETH,0.00000000,0.00000000
CMTBNB,0.00000000,0.00000000
XLMBTC,0.00000362,2725240.00000000
XLMETH,0.00006630,143421.00000000
XLMBNB,0.00048940,95946.00000000
CNDBTC,0.00000000,0.00000000
CNDETH,0.00000000,0.00000000
CNDBNB,0.00000000,0.00000000
LENDBTC,0.00000000,0.00000000
LENDETH,0.00000000,0.00000000
WABIBTC,0.00000000,0.00000000
WABIETH,0.00000000,0.00000000
WABIBNB,0.00000000,0.00000000
LTCETH,0.03932000,3064.79500000
LTCUSDT,61.17000000,329292.63500000
LTCBNB,0.29060000,1026.20600000
TNBBTC,0.00000000,0.00000000
TNBETH,0.00000000,0.00000000
WAVESBTC,0.00005053,65412.46000000
WAVESETH,0.00093000,670.31000000
WAVESBNB,0.00000000,0.00000000
GTOBTC,0.00000000,0.00000000
GTOETH,0.00000000,0.00000000
GTOBNB,0.00000000,0.00000000
ICXBTC,0.00000603,63435.00000000
ICXETH,0.00000000,0.00000000
ICXBNB,0.00000000,0.00000000
OSTBTC,0.00000000,0.00000000
OSTETH,0.00000000,0.00000000
OSTBNB,0.00000000,0.00000000
ELFBTC,0.00001175,759048.00000000
ELFETH,0.00021420,624651.00000000
AIONBTC,0.00000000,0.00000000
AIONETH,0.00000000,0.00000000
AIONBNB,0.00000000,0.00000000
NEBLBTC,0.00000000,0.00000000
NEBLBNB,0.00000000,0.00000000
BRDBTC,0.00000000,0.00000000
BRDETH,0.00000000,0.00000000
BRDBNB,0.00000000,0.00000000
MCOBNB,0.00000000,0.00000000
EDOBTC,0.00000000,0.00000000
EDOETH,0.00000000,0.00000000
WINGSBTC,0.00000000,0.00000000
WINGSETH,0.00000000,0.00000000
NAVBTC,0.00000000,0.00000000
NAVETH,0.00000000,0.00000000
NAVBNB,0.00000000,0.00000000
LUNBTC,0.00000000,0.00000000
LUNETH,0.00000000,0.00000000
TRIGBTC,0.00000000,0.00000000
TRIGETH,0.00000000,0.00000000
TRIGBNB,0.00000000,0.00000000
APPCBTC,0.00000000,0.00000000
APPCETH,0.00000000,0.00000000
APPCBNB,0.00000000,0.00000000
VIBEBTC,0.00000000,0.00000000
VIBEETH,0.00000000,0.00000000
RLCBTC,0.00003371,30611.30000000
RLCETH,0.00061600,10554.00000000
RLCBNB,0.00000000,0.00000000
INSBTC,0.00000000,0.00000000
INSETH,0.00000000,0.00000000
PIVXBTC,0.00000623,1697413.00000000
PIVXBNB,0.00000000,0.00000000
IOSTBTC,0.00000026,6579979.00000000
IOSTETH,0.00000459,1954420.00000000
CHATBTC,0.00000000,0.00000000
CHATETH,0.00000000,0.00000000
STEEMBTC,0.00000607,535808.00000000
STEEMETH,0.00011180,513957.00000000
STEEMBNB,0.00000000,0.00000000
NANOBTC,0.00000000,0.00000000
NANOETH,0.00000000,0.00000000
NANOBNB,0.00000000,0.00000000
VIABTC,0.00000000,0.00000000
VIAETH,0.00000000,0.00000000
VIABNB,0.00000000,0.00000000
BLZBTC,0.00000538,3113080.00000000
BLZETH,0.00000000,0.00000000
BLZBNB,0.00000000,0.00000000
AEBTC,0.00000000,0.00000000
AEETH,0.00000000,0.00000000
AEBNB,0.00000000,0.00000000
RPXBTC,0.00000000,0.00000000
RPXETH,0.00000000,0.00000000
RPXBNB,0.00000000,0.00000000
NCASHBTC,0.00000000,0.00000000
NCASHETH,0.00000000,0.00000000
NCASHBNB,0.00000000,0.00000000
POABTC,0.00000000,0.00000000
POAETH,0.00000000,0.00000000
POABNB,0.00000000,0.00000000
ZILBTC,0.00000058,6535484.00000000
ZILETH,0.00001069,538367.00000000
ZILBNB,0.00007884,250562.00000000
ONTBTC,0.00000572,113691.00000000
ONTETH,0.00000000,0.00000000
ONTBNB,0.00000000,0.00000000
STORMBTC,0.00000000,0.00000000
STORMETH,0.00000000,0.00000000
STORMBNB,0.00000000,0.00000000
QTUMBNB,0.00000000,0.00000000
QTUMUSDT,2.11800000,232786.30000000
XEMBTC,0.00000000,0.00000000
XEMETH,0.00000000,0.00000000
XEMBNB,0.00000000,0.00000000
WANBTC,0.00000596,70278.00000000
WANETH,0.00010900,104229.00000000
WANBNB,0.00000000,0.00000000
WPRBTC,0.00000000,0.00000000
WPRETH,0.00000000,0.00000000
QLCBTC,0.00000000,0.00000000
QLCETH,0.00000000,0.00000000
SYSBTC,0.00000283,226306.00000000
SYSETH,0.00000000,0.00000000
SYSBNB,0.00000000,0.00000000
QLCBNB,0.00000000,0.00000000
GRSBTC,0.00000000,0.00000000
GRSETH,0.00000000,0.00000000
ADAUSDT,0.24330000,40345618.10000000
ADABNB,0.00115500,195816.00000000
CLOAKBTC,0.00000000,0.00000000
CLOAKETH,0.00000000,0.00000000
GNTBTC,0.00000000,0.00000000
GNTETH,0.00000000,0.00000000
GNTBNB,0.00000000,0.00000000
LOOMBTC,0.00000378,56451868.00000000
LOOMETH,0.00000000,0.00000000
LOOMBNB,0.00000000,0.00000000
XRPUSDT,0.48320000,237729070.00000000
BCNBTC,0.00000000,0.00000000
BCNETH,0.00000000,0.00000000
BCNBNB,0.00000000,0.00000000
REPBTC,0.00000000,0.00000000
REPBNB,0.00000000,0.00000000
BTCTUSD,28523.45000000,2479.38849000
TUSDBTC,0.00000000,0.00000000
ETHTUSD,1557.84000000,6039.17240000
TUSDETH,0.00000000,0.00000000
TUSDBNB,0.00000000,0.00000000
ZENBTC,0.00026140,963.43000000
ZENETH,0.00478800,468.85000000
ZENBNB,0.00000000,0.00000000
SKYBTC,0.00000000,0.00000000
SKYETH,0.00000000,0.00000000
SKYBNB,0.00000000,0.00000000
EOSUSDT,0.53300000,5675139.50000000
EOSBNB,0.00253000,2606.40000000
CVCBTC,0.00000000,0.00000000
CVCETH,0.00000000,0.00000000
CVCBNB,0.00000000,0.00000000
THETABTC,0.00002020,130803.10000000
THETAETH,0.00037000,6681.70000000
THETABNB,0.00275100,2992.80000000
XRPBNB,0.00229200,577393.00000000
TUSDUSDT,0.99900000,34871643.00000000
IOTAUSDT,0.14110000,29150847.00000000
XLMUSDT,0.10320000,27889916.00000000
IOTXBTC,0.00000062,1532576.00000000
IOTXETH,0.00001139,1345860.00000000
QKCBTC,0.00000028,11009645.00000000
QKCETH,0.00000516,1449337.00000000
AGIBTC,0.00000000,0.00000000
AGIETH,0.00000000,0.00000000
AGIBNB,0.00000000,0.00000000
NXSBTC,0.00000000,0.00000000
NXSETH,0.00000000,0.00000000
NXSBNB,0.00000000,0.00000000
ENJBNB,0.00000000,0.00000000
DATABTC,0.00000084,1845362.00000000
DATAETH,0.00000000,0.00000000
ONTUSDT,0.16280000,5292102.00000000
TRXBNB,0.00042340,2113882.00000000
TRXUSDT,0.08922000,255723458.70000000
ETCUSDT,14.76000000,323966.70000000
ETCBNB,0.07000000,127.98000000
ICXUSDT,0.17130000,3504260.20000000
SCBTC,0.00000000,0.00000000
SCETH,0.00000184,20802192.00000000
NPXSBTC,0.00000000,0.00000000
NPXSETH,0.00000000,0.00000000
VENUSDT,0.00000000,0.00000000
KEYBTC,0.00000000,0.00000000
KEYETH,0.00000000,0.00000000
NASBTC,0.00000000,0.00000000
NASETH,0.00000000,0.00000000
NASBNB,0.00000000,0.00000000
MFTBTC,0.00000000,0.00000000
MFTETH,0.00000000,0.00000000
MFTBNB,0.00000000,0.00000000
DENTBTC,0.00000000,0.00000000
DENTETH,0.00000039,195140092.00000000
ARDRBTC,0.00000272,18814978.00000000
ARDRETH,0.00000000,0.00000000
ARDRBNB,0.00000000,0.00000000
NULSUSDT,0.17170000,725716.00000000
HOTBTC,0.00000000,0.00000000
HOTETH,0.00000082,34932323.00000000
VETBTC,0.00000056,58738122.00000000
VETETH,0.00001042,6337972.00000000
VETUSDT,0.01622000,276418015.40000000
VETBNB,0.00007680,2766892.00000000
DOCKBTC,0.00000051,11785869.00000000
DOCKETH,0.00000000,0.00000000
POLYBTC,0.00000000,0.00000000
POLYBNB,0.00000000,0.00000000
PHXBTC,0.00000000,0.00000000
PHXETH,0.00000000,0.00000000
PHXBNB,0.00000000,0.00000000
HCBTC,0.00000000,0.00000000
HCETH,0.00000000,0.00000000
GOBTC,0.00000000,0.00000000
GOBNB,0.00000000,0.00000000
PAXBTC,0.00000000,0.00000000
PAXBNB,0.00000000,0.00000000
PAXUSDT,0.00000000,0.00000000
PAXETH,0.00000000,0.00000000
RVNBTC,0.00000047,7279280.00000000
DCRBTC,0.00041800,2217.97900000
DCRBNB,0.00000000,0.00000000
USDCBNB,0.00000000,0.00000000
MITHBTC,0.00000000,0.00000000
MITHBNB,0.00000000,0.00000000
BCHABCBTC,0.00000000,0.00000000
BCHSVBTC,0.00000000,0.00000000
BCHABCUSDT,0.00000000,0.00000000
BCHSVUSDT,0.00000000,0.00000000
BNBPAX,0.00000000,0.00000000
BTCPAX,0.00000000,0.00000000
ETHPAX,0.00000000,0.00000000
XRPPAX,0.00000000,0.00000000
EOSPAX,0.00000000,0.00000000
XLMPAX,0.00000000,0.00000000
RENBTC,0.00000145,176699.00000000
RENBNB,0.00000000,0.00000000
BNBTUSD,211.00000000,1379.38900000
XRPTUSD,0.48260000,406819.00000000
EOSTUSD,0.00000000,0.00000000
XLMTUSD,0.00000000,0.00000000
BNBUSDC,210.90000000,539.20700000
BTCUSDC,28507.22000000,476.66126000
ETHUSDC,1557.16000000,4283.83020000
XRPUSDC,0.00000000,0.00000000
EOSUSDC,0.00000000,0.00000000
XLMUSDC,0.00000000,0.00000000
USDCUSDT,0.99970000,369393678.00000000
ADATUSD,0.24350000,179727.20000000
TRXTUSD,0.00000000,0.00000000
NEOTUSD,0.00000000,0.00000000
TRXXRP,0.18454000,887596.10000000
XZCXRP,0.00000000,0.00000000
PAXTUSD,0.00000000,0.00000000
USDCTUSD,0.00000000,0.00000000
USDCPAX,0.00000000,0.00000000
LINKUSDT,7.37200000,2220655.84000000
LINKTUSD,7.39700000,1493.92000000
LINKPAX,0.00000000,0.00000000
LINKUSDC,0.00000000,0.00000000
WAVESUSDT,1.44100000,1364705.80000000
WAVESTUSD,0.00000000,0.00000000
WAVESPAX,0.00000000,0.00000000
WAVESUSDC,0.00000000,0.00000000
BCHABCTUSD,0.00000000,0.00000000
BCHABCPAX,0.00000000,0.00000000
BCHABCUSDC,0.00000000,0.00000000
BCHSVTUSD,0.00000000,0.00000000
BCHSVPAX,0.00000000,0.00000000
BCHSVUSDC,0.00000000,0.00000000
LTCTUSD,61.36000000,1041.74100000
LTCPAX,0.00000000,0.00000000
LTCUSDC,0.00000000,0.00000000
TRXPAX,0.00000000,0.00000000
TRXUSDC,0.00000000,0.00000000
BTTBTC,0.00000000,0.00000000
BTTBNB,0.00000000,0.00000000
BTTUSDT,0.00000000,0.00000000
BNBUSDS,0.00000000,0.00000000
BTCUSDS,0.00000000,0.00000000
USDSUSDT,0.00000000,0.00000000
USDSPAX,0.00000000,0.00000000
USDSTUSD,0.00000000,0.00000000
USDSUSDC,0.00000000,0.00000000
BTTPAX,0.00000000,0.00000000
BTTTUSD,0.00000000,0.00000000
BTTUSDC,0.00000000,0.00000000
ONGBNB,0.00000000,0.00000000
ONGBTC,0.00000792,57291.00000000
ONGUSDT,0.22540000,754516.00000000
HOTBNB,0.00000000,0.00000000
HOTUSDT,0.00127900,3789865263.00000000
ZILUSDT,0.01659000,132546536.50000000
ZRXBNB,0.00000000,0.00000000
ZRXUSDT,0.21070000,21164645.00000000
FETBNB,0.00096500,110788.00000000
FETBTC,0.00000714,784775.00000000
FETUSDT,0.20370000,31481486.00000000
BATUSDT,0.17440000,3589611.00000000
XMRBNB,0.71540000,230.15500000
XMRUSDT,151.20000000,58864.71300000
ZECBNB,0.00000000,0.00000000
ZECUSDT,24.87000000,80065.75500000
ZECPAX,0.00000000,0.00000000
ZECTUSD,0.00000000,0.00000000
ZECUSDC,0.00000000,0.00000000
IOSTUSDT,0.00715000,189670472.00000000
CELRBNB,0.00005294,988615.00000000
CELRBTC,0.00000040,2981576.00000000
CELRUSDT,0.01132000,49542055.20000000
ADAPAX,0.00000000,0.00000000
ADAUSDC,0.00000000,0.00000000
NEOPAX,0.00000000,0.00000000
NEOUSDC,0.00000000,0.00000000
DASHBNB,0.00000000,0.00000000
DASHUSDT,24.82000000,35171.22400000
NANOUSDT,0.00000000,0.00000000
OMGBNB,0.00000000,0.00000000
OMGUSDT,0.44100000,2318851.00000000
THETAUSDT,0.57500000,3061985.70000000
ENJUSDT,0.20810000,8801987.40000000
MITHUSDT,0.00000000,0.00000000
MATICBNB,0.00242500,102619.10000000
MATICBTC,0.00001794,964240.60000000
MATICUSDT,0.51130000,26732146.80000000
ATOMBNB,0.02957000,8888.41000000
ATOMBTC,0.00021910,58444.94000000
ATOMUSDT,6.24200000,1459651.90000000
ATOMUSDC,0.00000000,0.00000000
ATOMPAX,0.00000000,0.00000000
ATOMTUSD,0.00000000,0.00000000
ETCUSDC,0.00000000,0.00000000
ETCPAX,0.00000000,0.00000000
ETCTUSD,0.00000000,0.00000000
BATUSDC,0.00000000,0.00000000
BATPAX,0.00000000,0.00000000
BATTUSD,0.00000000,0.00000000
PHBBNB,0.00000000,0.00000000
PHBBTC,0.00001900,215692.50000000
PHBUSDC,0.00000000,0.00000000
PHBTUSD,0.00000000,0.00000000
PHBPAX,0.00000000,0.00000000
TFUELBNB,0.00000000,0.00000000
TFUELBTC,0.00000114,1836927.00000000
TFUELUSDT,0.03233000,16548388.00000000
TFUELUSDC,0.00000000,0.00000000
TFUELTUSD,0.00000000,0.00000000
TFUELPAX,0.00000000,0.00000000
ONEBNB,0.00004188,499548.00000000
ONEBTC,0.00000032,3641851.00000000
ONEUSDT,0.00884000,183060191.90000000
ONETUSD,0.00000000,0.00000000
ONEPAX,0.00000000,0.00000000
ONEUSDC,0.00000000,0.00000000
FTMBNB,0.00083530,43614.00000000
FTMBTC,0.00000619,1855608.00000000
FTMUSDT,0.17650000,21043390.00000000
FTMTUSD,0.00000000,0.00000000
FTMPAX,0.00000000,0.00000000
FTMUSDC,0.00000000,0.00000000
BTCBBTC,0.00000000,0.00000000
BCPTTUSD,0.00000000,0.00000000
BCPTPAX,0.00000000,0.00000000
BCPTUSDC,0.00000000,0.00000000
ALGOBNB,0.00042200,78053.00000000
ALGOBTC,0.00000313,3376993.00000000
ALGOUSDT,0.08890000,43828517.00000000
ALGOTUSD,0.00000000,0.00000000
ALGOPAX,0.00000000,0.00000000
ALGOUSDC,0.00000000,0.00000000
USDSBUSDT,0.00000000,0.00000000
USDSBUSDS,0.00000000,0.00000000
GTOUSDT,0.00000000,0.00000000
GTOPAX,0.00000000,0.00000000
GTOTUSD,0.00000000,0.00000000
GTOUSDC,0.00000000,0.00000000
ERDBNB,0.00000000,0.00000000
ERDBTC,0.00000000,0.00000000
ERDUSDT,0.00000000,0.00000000
ERDPAX,0.00000000,0.00000000
ERDUSDC,0.00000000,0.00000000
DOGEBNB,0.00000000,0.00000000
DOGEBTC,0.00000205,7699977.00000000
DOGEUSDT,0.05830000,260545642.00000000
DOGEPAX,0.00000000,0.00000000
DOGEUSDC,0.00000000,0.00000000
DUSKBNB,0.00000000,0.00000000
DUSKBTC,0.00000367,156798.00000000
DUSKUSDT,0.10420000,4335732.00000000
DUSKUSDC,0.00000000,0.00000000
DUSKPAX,0.00000000,0.00000000
BGBPUSDC,0.00000000,0.00000000
ANKRBNB,0.00008560,110427.00000000
ANKRBTC,0.00000067,2659082.00000000
ANKRUSDT,0.01921000,73416652.00000000
ANKRTUSD,0.00000000,0.00000000
ANKRPAX,0.00000000,0.00000000
ANKRUSDC,0.00000000,0.00000000
ONTPAX,0.00000000,0.00000000
ONTUSDC,0.00000000,0.00000000
WINBNB,0.00000030,3260146779.00000000
WINBTC,0.00000000,0.00000000
WINUSDT,0.00006330,248163318233.00000000
WINUSDC,0.00000000,0.00000000
COSBNB,0.00002068,979645.00000000
COSBTC,0.00000016,1056174.00000000
COSUSDT,0.00435000,84888416.10000000
TUSDBTUSD,0.00000000,0.00000000
NPXSUSDT,0.00000000,0.00000000
NPXSUSDC,0.00000000,0.00000000
COCOSBNB,0.00000000,0.00000000
COCOSBTC,0.00000000,0.00000000
COCOSUSDT,0.00000000,0.00000000
MTLUSDT,1.25000000,1711232.00000000
TOMOBNB,0.00000000,0.00000000
TOMOBTC,0.00005299,25683.00000000
TOMOUSDT,1.50850000,1618192.60000000
TOMOUSDC,0.00000000,0.00000000
PERLBNB,0.00000000,0.00000000
PERLBTC,0.00000000,0.00000000
PERLUSDC,0.00000000,0.00000000
PERLUSDT,0.01776000,55870620.70000000
DENTUSDT,0.00060000,11762486412.00000000
MFTUSDT,0.00000000,0.00000000
KEYUSDT,0.00591800,621801506.00000000
STORMUSDT,0.00000000,0.00000000
DOCKUSDT,0.01441000,67221602.00000000
WANUSDT,0.16950000,875459.00000000
FUNUSDT,0.00420000,43466586.00000000
CVCUSDT,0.07980000,29866941.00000000
BTTTRX,0.00000000,0.00000000
WINTRX,0.00071000,3535814338.00000000
CHZBNB,0.00026550,146935.00000000
CHZBTC,0.00000196,1235656.00000000
CHZUSDT,0.05595000,151133880.00000000
BANDBNB,0.00000000,0.00000000
BANDBTC,0.00005093,143369.90000000
BANDUSDT,1.44900000,7765617.00000000
BNBBUSD,210.80000000,9180.02400000
BTCBUSD,28498.17000000,371.34297000
BUSDUSDT,1.00000000,50692722.00000000
BEAMBNB,0.00000000,0.00000000
BEAMBTC,0.00000000,0.00000000
BEAMUSDT,0.00000000,0.00000000
XTZBNB,0.00000000,0.00000000
XTZBTC,0.00002191,127709.90000000
XTZUSDT,0.62400000,3271573.70000000
RENUSDT,0.04125600,16844067.00000000
RVNUSDT,0.01364000,55409466.40000000
HCUSDT,0.00000000,0.00000000
HBARBNB,0.00021980,404184.00000000
HBARBTC,0.00000163,2790877.00000000
HBARUSDT,0.04630000,72007192.00000000
NKNBNB,0.00000000,0.00000000
NKNBTC,0.00000281,1304083.00000000
NKNUSDT,0.08010000,7550221.00000000
XRPBUSD,0.48320000,9507542.00000000
ETHBUSD,1555.87000000,7130.79890000
BCHABCBUSD,0.00000000,0.00000000
LTCBUSD,61.16000000,11444.89200000
LINKBUSD,7.37500000,143032.80000000
ETCBUSD,14.77000000,6027.77000000
STXBNB,0.00264800,123974.40000000
STXBTC,0.00001959,869224.70000000
STXUSDT,0.55810000,19666919.30000000
KAVABNB,0.00266100,1943.70000000
KAVABTC,0.00001969,19254.60000000
KAVAUSDT,0.56100000,1690174.80000000
BUSDNGN,0.00000000,0.00000000
BNBNGN,0.00000000,0.00000000
BTCNGN,32715421.00000000,13.00073000
ARPABNB,0.00018750,97907.00000000
ARPABTC,0.00000139,593412.00000000
ARPAUSDT,0.03956000,35718370.10000000
TRXBUSD,0.08925000,2223669.00000000
EOSBUSD,0.53300000,131033.80000000
IOTXUSDT,0.01770000,88878688.00000000
RLCUSDT,0.95700000,589920.60000000
MCOUSDT,0.00000000,0.00000000
XLMBUSD,0.10310000,664785.00000000
ADABUSD,0.24330000,2591297.60000000
CTXCBNB,0.00000000,0.00000000
CTXCBTC,0.00000410,97856.00000000
CTXCUSDT,0.11660000,1845284.00000000
BCHBNB,1.08700000,205.06800000
BCHBTC,0.00803000,2971.13200000
BCHUSDT,229.00000000,91089.33300000
BCHUSDC,0.00000000,0.00000000
BCHTUSD,229.90000000,473.90400000
BCHPAX,0.00000000,0.00000000
BCHBUSD,229.00000000,1649.97200000
BTCRUB,2816293.00000000,7.76469000
ETHRUB,154070.80000000,46.83380000
XRPRUB,47.70000000,43131.00000000
BNBRUB,20863.09000000,34.95400000
TROYBNB,0.00000000,0.00000000
TROYBTC,0.00000000,0.00000000
TROYUSDT,0.00218900,74682393.00000000
BUSDRUB,98.85000000,64016.00000000
QTUMBUSD,2.53700000,6738.60000000
VETBUSD,0.01622000,22215251.30000000
VITEBNB,0.00000000,0.00000000
VITEBTC,0.00000042,47708424.00000000
VITEUSDT,0.01204000,553004007.20000000
FTTBNB,0.00000000,0.00000000
FTTBTC,0.00000000,0.00000000
FTTUSDT,1.10040000,14833817.66000000
BTCTRY,803527.00000000,162.60404000
BNBTRY,5941.00000000,2705.28500000
BUSDTRY,28.20000000,5720243.00000000
ETHTRY,43862.00000000,914.11260000
XRPTRY,13.62600000,1847444.00000000
USDTTRY,28.19000000,75535200.00000000
USDTRUB,98.91000000,633474.00000000
BTCEUR,26984.72000000,384.40498000
ETHEUR,1473.12000000,5219.46560000
BNBEUR,199.60000000,3609.93100000
XRPEUR,0.45740000,1233830.00000000
EURBUSD,1.05660000,184591.70000000
EURUSDT,1.05630000,15322878.80000000
OGNBNB,0.00000000,0.00000000
OGNBTC,0.00000378,625553.00000000
OGNUSDT,0.10740000,38804764.00000000
DREPBNB,0.00000000,0.00000000
DREPBTC,0.00000888,284514.00000000
DREPUSDT,0.25350000,5473942.00000000
BULLUSDT,0.00000000,0.00000000
BULLBUSD,0.00000000,0.00000000
BEARUSDT,0.00000000,0.00000000
BEARBUSD,0.00000000,0.00000000
ETHBULLUSDT,0.00000000,0.00000000
ETHBULLBUSD,0.00000000,0.00000000
ETHBEARUSDT,0.00000000,0.00000000
ETHBEARBUSD,0.00000000,0.00000000
TCTBNB,0.00000000,0.00000000
TCTBTC,0.00000000,0.00000000
TCTUSDT,0.00000000,0.00000000
WRXBNB,0.00000000,0.00000000
WRXBTC,0.00000000,0.00000000
WRXUSDT,0.10310000,21407671.20000000
ICXBUSD,0.16420000,75767.90000000
BTSUSDT,0.00996000,368088693.70000000
BTSBUSD,0.00000000,0.00000000
LSKUSDT,0.77600000,470650.60000000
BNTUSDT,0.59090000,36522420.20000000
BNTBUSD,0.35990000,53945.90000000
LTOBNB,0.00000000,0.00000000
LTOBTC,0.00000189,625287.00000000
LTOUSDT,0.05430000,12008295.00000000
ATOMBUSD,6.24500000,62619.42000000
DASHBUSD,25.83000000,469.98700000
NEOBUSD,6.73000000,722.46000000
WAVESBUSD,1.44300000,16673.15000000
XTZBUSD,0.67100000,51404.00000000
EOSBULLUSDT,0.00000000,0.00000000
EOSBULLBUSD,0.00000000,0.00000000
EOSBEARUSDT,0.00000000,0.00000000
EOSBEARBUSD,0.00000000,0.00000000
XRPBULLUSDT,0.00000000,0.00000000
XRPBULLBUSD,0.00000000,0.00000000
XRPBEARUSDT,0.00000000,0.00000000
XRPBEARBUSD,0.00000000,0.00000000
BATBUSD,0.17090000,82819.00000000
ENJBUSD,0.20710000,300287.30000000
NANOBUSD,0.00000000,0.00000000
ONTBUSD,0.15740000,71114.00000000
RVNBUSD,0.01525000,1294259.50000000
STRATBUSD,0.00000000,0.00000000
STRATBNB,0.00000000,0.00000000
STRATUSDT,0.00000000,0.00000000
AIONBUSD,0.00000000,0.00000000
AIONUSDT,0.00000000,0.00000000
MBLBNB,0.00000000,0.00000000
MBLBTC,0.00000000,0.00000000
MBLUSDT,0.00304900,399885774.00000000
COTIBNB,0.00017520,61006.00000000
COTIBTC,0.00000130,898280.00000000
COTIUSDT,0.03695000,27562892.00000000
ALGOBUSD,0.08890000,1520108.00000000
BTTBUSD,0.00000000,0.00000000
TOMOBUSD,1.50820000,16628.00000000
XMRBUSD,151.00000000,1074.92400000
ZECBUSD,24.92000000,1231.30200000
BNBBULLUSDT,0.00000000,0.00000000
BNBBULLBUSD,0.00000000,0.00000000
BNBBEARUSDT,0.00000000,0.00000000
BNBBEARBUSD,0.00000000,0.00000000
STPTBNB,0.00000000,0.00000000
STPTBTC,0.00000235,13487948.00000000
STPTUSDT,0.06688000,370223681.90000000
BTCZAR,558654.00000000,13.58312000
ETHZAR,30601.00000000,51.64770000
BNBZAR,0.00000000,0.00000000
USDTZAR,19.62000000,460111.00000000
BUSDZAR,19.66000000,32338.00000000
BTCBKRW,0.00000000,0.00000000
ETHBKRW,0.00000000,0.00000000
BNBBKRW,0.00000000,0.00000000
WTCUSDT,0.14450000,9794682.00000000
DATABUSD,0.02344000,468540.60000000
DATAUSDT,0.02391000,6460664.70000000
XZCUSDT,0.00000000,0.00000000
SOLBNB,0.11500000,12005.84000000
SOLBTC,0.00085080,257602.55000000
SOLUSDT,24.23000000,3739340.57000000
SOLBUSD,24.26000000,235134.30000000
BTCIDRT,0.00,0.00000000
BNBIDRT,0.00,0.00000000
USDTIDRT,15850.00,230500.00000000
BUSDIDRT,0.00,0.00000000
CTSIBTC,0.00000439,147746.00000000
CTSIUSDT,0.12510000,3555814.00000000
CTSIBNB,0.00059300,9506.00000000
CTSIBUSD,0.12510000,54210.00000000
HIVEBNB,0.00000000,0.00000000
HIVEBTC,0.00001014,218644.00000000
HIVEUSDT,0.28880000,1482352.00000000
CHRBNB,0.00041070,76719.00000000
CHRBTC,0.00000306,175509.00000000
CHRUSDT,0.08690000,6955559.00000000
BTCUPUSDT,5.51100000,36946.00000000
BTCDOWNUSDT,0.00731600,50370213.15000000
GXSUSDT,0.00000000,0.00000000
ARDRUSDT,0.07770000,141076974.00000000
ERDBUSD,0.00000000,0.00000000
LENDUSDT,0.00000000,0.00000000
HBARBUSD,0.04630000,2415625.00000000
MATICBUSD,0.51130000,858061.90000000
WRXBUSD,0.10280000,1609928.30000000
ZILBUSD,0.01583000,615820.50000000
MDTBNB,0.00000000,0.00000000
MDTBTC,0.00000133,1067761.00000000
MDTUSDT,0.03791000,25826682.20000000
STMXBTC,0.00000000,0.00000000
STMXETH,0.00000000,0.00000000
STMXUSDT,0.00638400,680740315.00000000
KNCBUSD,0.64100000,103200.00000000
KNCUSDT,0.64100000,11770628.30000000
REPBUSD,0.00000000,0.00000000
REPUSDT,0.00000000,0.00000000
LRCBUSD,0.17280000,125437.00000000
LRCUSDT,0.16080000,5609888.00000000
IQBNB,0.00000000,0.00000000
IQBUSD,0.00502000,27481652.00000000
PNTBTC,0.00000000,0.00000000
PNTUSDT,0.12170000,12171846.00000000
BTCGBP,23408.48000000,13.48548000
ETHGBP,1278.10000000,22.93700000
XRPGBP,0.39770000,104833.00000000
BNBGBP,173.50000000,21.92600000
GBPBUSD,1.21600000,38959.30000000
DGBBTC,0.00000023,26662336.00000000
DGBBUSD,0.00632000,1350321.70000000
BTCUAH,1145947.00000000,0.86424000
USDTUAH,40.19000000,145756.00000000
COMPBTC,0.00138700,1215.68100000
COMPBNB,0.00000000,0.00000000
COMPBUSD,39.70000000,1725.90200000
COMPUSDT,39.72000000,63199.14200000
BTCBIDR,449808415.00,5.95893000
ETHBIDR,24564681.00,56.17170000
BNBBIDR,3335250.00,228.53300000
BUSDBIDR,15791.00,231570.00000000
USDTBIDR,15792.00,352211.60000000
BKRWUSDT,0.00000000,0.00000000
BKRWBUSD,0.00000000,0.00000000
SCUSDT,0.00286300,94321789.00000000
ZENUSDT,7.45000000,79696.87000000
SXPBTC,0.00000919,133759.30000000
SXPBNB,0.00124000,32212.60000000
SXPBUSD,0.26230000,272437.70000000
SNXBTC,0.00006720,38637.90000000
SNXBNB,0.00895000,5836.80000000
SNXBUSD,1.91500000,23251.50000000
SNXUSDT,1.91400000,2612445.90000000
ETHUPUSDT,2.81500000,94658.65000000
ETHDOWNUSDT,0.26500000,824258.10000000
ADAUPUSDT,0.10400000,4580378.00000000
ADADOWNUSDT,0.00191700,474112890.48000000
LINKUPUSDT,0.00000000,0.00000000
LINKDOWNUSDT,0.00000000,0.00000000
VTHOBNB,0.00000000,0.00000000
VTHOBUSD,0.00000000,0.00000000
VTHOUSDT,0.00104500,223696291.00000000
DCRBUSD,0.00000000,0.00000000
DGBUSDT,0.00657000,99599594.10000000
GBPUSDT,1.21800000,162765.70000000
STORJBUSD,0.23710000,64860.00000000
SXPUSDT,0.26210000,6319362.00000000
IRISBNB,0.00000000,0.00000000
IRISBTC,0.00000061,208869.00000000
IRISBUSD,0.00000000,0.00000000
MKRBNB,0.00000000,0.00000000
MKRBTC,0.04892000,36.54200000
MKRUSDT,1395.00000000,3332.61470000
MKRBUSD,1395.00000000,17.71960000
DAIBNB,0.00000000,0.00000000
DAIBTC,0.00000000,0.00000000
DAIUSDT,0.00000000,0.00000000
DAIBUSD,0.00000000,0.00000000
RUNEBNB,0.00737300,5079.30000000
RUNEBTC,0.00005473,88332.00000000
RUNEBUSD,1.56100000,167977.50000000
MANABUSD,0.27710000,118341.00000000
DOGEBUSD,0.05831000,6838395.00000000
LENDBUSD,0.00000000,0.00000000
ZRXBUSD,0.16890000,280068.00000000
DCRUSDT,11.93000000,15215.91300000
STORJUSDT,0.37920000,39370767.00000000
XRPBKRW,0.00000000,0.00000000
ADABKRW,0.00000000,0.00000000
BTCAUD,0.00000000,0.00000000
ETHAUD,0.00000000,0.00000000
AUDBUSD,0.00000000,0.00000000
FIOBNB,0.00000000,0.00000000
FIOBTC,0.00000064,4714457.00000000
FIOBUSD,0.00000000,0.00000000
BNBUPUSDT,20.26000000,2103.85000000
BNBDOWNUSDT,0.01906000,6138658.74000000
XTZUPUSDT,0.00000000,0.00000000
XTZDOWNUSDT,0.00000000,0.00000000
AVABNB,0.00000000,0.00000000
AVABTC,0.00001518,35247.30000000
AVABUSD,0.47000000,29707.20000000
USDTBKRW,0.00000000,0.00000000
BUSDBKRW,0.00000000,0.00000000
IOTABUSD,0.14140000,301879.00000000
MANAUSDT,0.27630000,5435807.00000000
XRPAUD,0.00000000,0.00000000
BNBAUD,0.00000000,0.00000000
AUDUSDT,0.00000000,0.00000000
BALBNB,0.00000000,0.00000000
BALBTC,0.00010440,949.41000000
BALBUSD,3.15000000,6463.65000000
YFIBNB,0.00000000,0.00000000
YFIBTC,0.17360000,2.79075000
YFIBUSD,5325.00000000,6.08038000
YFIUSDT,4940.00000000,419.36638000
BLZBUSD,0.00000000,0.00000000
KMDBUSD,0.00000000,0.00000000
BALUSDT,2.96500000,60732.71000000
BLZUSDT,0.15320000,96148079.00000000
IRISUSDT,0.01738000,5806426.60000000
KMDUSDT,0.21120000,4863604.00000000
BTCDAI,28500.26000000,16.30510000
ETHDAI,1556.25000000,63.82210000
BNBDAI,211.30000000,23.32000000
USDTDAI,1.00010000,1154391.30000000
BUSDDAI,1.00030000,107455.00000000
JSTBNB,0.00000000,0.00000000
JSTBTC,0.00000081,1716229.00000000
JSTBUSD,0.02103000,452590.80000000
JSTUSDT,0.02313000,134614718.10000000
SRMBNB,0.00000000,0.00000000
SRMBTC,0.00000000,0.00000000
SRMBUSD,0.03530000,31485309.00000000
SRMUSDT,0.00000000,0.00000000
ANTBNB,0.02182000,3016.40000000
ANTBTC,0.00016189,2626.40000000
ANTBUSD,4.30300000,1798.10000000
ANTUSDT,4.61000000,133336.40000000
CRVBNB,0.00000000,0.00000000
CRVBTC,0.00001469,230951.90000000
CRVBUSD,0.41880000,334423.80000000
CRVUSDT,0.41890000,11724498.80000000
SANDBNB,0.00134100,7547.00000000
SANDBTC,0.00000991,425111.00000000
SANDUSDT,0.28250000,5653225.00000000
SANDBUSD,0.28210000,95751.00000000
OCEANBNB,0.00131600,29374.00000000
OCEANBTC,0.00000973,132956.00000000
OCEANBUSD,0.28480000,116949.00000000
OCEANUSDT,0.27770000,2990268.00000000
NMRBTC,0.00041500,2681.15000000
NMRBUSD,11.43000000,2040.62000000
NMRUSDT,11.81000000,76825.20000000
DOTBNB,0.01724000,13845.88000000
DOTBTC,0.00012750,162090.68000000
DOTBUSD,3.63100000,94467.46000000
DOTUSDT,3.63000000,2066304.77000000
LUNABNB,0.00000000,0.00000000
LUNABTC,0.00000000,0.00000000
LUNABUSD,0.40130000,491989.45000000
LUNAUSDT,0.40110000,7331071.28000000
IDEXBTC,0.00000149,1094068.00000000
IDEXBUSD,0.04258000,365971.50000000
RSRBNB,0.00000852,762540.00000000
RSRBTC,0.00000000,0.00000000
RSRBUSD,0.00184000,19321525.90000000
RSRUSDT,0.00172200,417581985.20000000
PAXGBNB,9.18300000,6.10790000
PAXGBTC,0.06813000,112.44670000
PAXGBUSD,1945.00000000,19.22300000
PAXGUSDT,1942.00000000,1054.67720000
WNXMBNB,0.00000000,0.00000000
WNXMBTC,0.00000000,0.00000000
WNXMBUSD,0.00000000,0.00000000
WNXMUSDT,29.65000000,3948.51000000
TRBBNB,0.00000000,0.00000000
TRBBTC,0.00217680,11542.46000000
TRBBUSD,62.07000000,11179.31000000
TRBUSDT,61.96000000,487267.49000000
ETHNGN,0.00000000,0.00000000
DOTBIDR,0.00,0.00000000
LINKAUD,0.00000000,0.00000000
SXPAUD,0.00000000,0.00000000
BZRXBNB,0.00000000,0.00000000
BZRXBTC,0.00000000,0.00000000
BZRXBUSD,0.00000000,0.00000000
BZRXUSDT,0.00000000,0.00000000
WBTCBTC,0.99980000,40.45910000
WBTCETH,18.31000000,3.19344000
SUSHIBNB,0.00252300,5685.70000000
SUSHIBTC,0.00001864,11995.60000000
SUSHIBUSD,0.56600000,33142.30000000
SUSHIUSDT,0.53100000,1759522.10000000
YFIIBNB,0.00000000,0.00000000
YFIIBTC,0.00000000,0.00000000
YFIIBUSD,0.00000000,0.00000000
YFIIUSDT,435.50000000,3003.19260000
KSMBNB,0.00000000,0.00000000
KSMBTC,0.00058600,595.41700000
KSMBUSD,18.87000000,1302.65400000
KSMUSDT,16.75000000,36570.07800000
EGLDBNB,0.11480000,691.20000000
EGLDBTC,0.00084800,9249.77000000
EGLDBUSD,24.20000000,6979.55000000
EGLDUSDT,24.21000000,173973.25000000
DIABNB,0.00000000,0.00000000
DIABTC,0.00000823,361976.80000000
DIABUSD,0.23840000,16990.30000000
DIAUSDT,0.23450000,2318240.10000000
RUNEUSDT,1.55900000,3965021.40000000
FIOUSDT,0.01835000,21964598.00000000
UMABTC,0.00004721,134469.10000000
UMAUSDT,1.34100000,3578799.90000000
EOSUPUSDT,0.00000000,0.00000000
EOSDOWNUSDT,0.00000000,0.00000000
TRXUPUSDT,0.00000000,0.00000000
TRXDOWNUSDT,0.00000000,0.00000000
XRPUPUSDT,0.00000000,0.00000000
XRPDOWNUSDT,0.00000000,0.00000000
DOTUPUSDT,0.00000000,0.00000000
DOTDOWNUSDT,0.00000000,0.00000000
SRMBIDR,0.00,0.00000000
ONEBIDR,0.00,0.00000000
LINKTRY,207.60000000,11642.20000000
USDTNGN,1151.40000000,1030587.30000000
BELBNB,0.00246500,1092.40000000
BELBTC,0.00001830,9635.50000000
BELBUSD,0.53560000,26589.70000000
BELUSDT,0.52240000,1152239.20000000
WINGBNB,0.00000000,0.00000000
WINGBTC,0.00018670,8631.71000000
SWRVBNB,0.00000000,0.00000000
SWRVBUSD,0.00000000,0.00000000
WINGBUSD,5.36000000,3832.95000000
WINGUSDT,5.33000000,180857.40000000
LTCUPUSDT,0.00000000,0.00000000
LTCDOWNUSDT,0.00000000,0.00000000
LENDBKRW,0.00000000,0.00000000
SXPEUR,0.00000000,0.00000000
CREAMBNB,0.00000000,0.00000000
CREAMBUSD,19.86000000,30254.52100000
UNIBNB,0.01853000,110380.87000000
UNIBTC,0.00013700,38578.84000000
UNIBUSD,3.90600000,20554.44000000
UNIUSDT,3.90700000,1246598.28000000
NBSBTC,0.00000000,0.00000000
NBSUSDT,0.00000000,0.00000000
OXTBTC,0.00000208,370265.00000000
OXTUSDT,0.05940000,15573080.00000000
SUNBTC,0.00000000,0.00000000
SUNUSDT,0.00565000,176050301.00000000
AVAXBNB,0.04227000,3615.42000000
AVAXBTC,0.00031310,86402.33000000
AVAXBUSD,8.92000000,106654.20000000
AVAXUSDT,8.92000000,1837506.45000000
HNTBTC,0.00000000,0.00000000
HNTUSDT,0.00000000,0.00000000
BAKEBNB,0.00057420,98812.50000000
BURGERBNB,0.00000000,0.00000000
SXPBIDR,0.00,0.00000000
LINKBKRW,0.00000000,0.00000000
FLMBNB,0.00000000,0.00000000
FLMBTC,0.00000226,347468.00000000
FLMBUSD,0.00000000,0.00000000
FLMUSDT,0.06440000,17916292.00000000
SCRTBTC,0.00000887,667260.70000000
SCRTETH,0.00016250,502007.00000000
CAKEBNB,0.00503000,104619.94000000
CAKEBUSD,1.06200000,144928.52000000
SPARTABNB,0.00000000,0.00000000
UNIUPUSDT,0.00000000,0.00000000
UNIDOWNUSDT,0.00000000,0.00000000
ORNBTC,0.00001704,55356.10000000
ORNUSDT,0.48540000,1066574.00000000
TRXNGN,0.00000000,0.00000000
SXPTRY,7.39200000,274666.80000000
UTKBTC,0.00000181,720996.00000000
UTKUSDT,0.05150000,9256511.00000000
XVSBNB,0.02176000,3598.91000000
XVSBTC,0.00016090,31037.63000000
XVSBUSD,4.59000000,40671.29000000
XVSUSDT,4.58000000,262974.49000000
ALPHABNB,0.00000000,0.00000000
ALPHABTC,0.00000241,102605.00000000
ALPHABUSD,0.07710000,242660.00000000
ALPHAUSDT,0.06870000,5533905.00000000
VIDTBTC,0.00000060,2426290.00000000
VIDTBUSD,0.01700000,1743091.00000000
AAVEBNB,0.30800000,683.55200000
BTCBRL,145046.00000000,134.51958000
USDTBRL,5.08900000,7397615.60000000
AAVEBTC,0.00227900,4040.25600000
AAVEETH,0.04177000,746.37800000
AAVEBUSD,64.98000000,2217.05800000
AAVEUSDT,64.95000000,133641.51400000
AAVEBKRW,0.00000000,0.00000000
NEARBNB,0.00465500,123698.10000000
NEARBTC,0.00003441,236954.80000000
NEARBUSD,0.98100000,132242.20000000
NEARUSDT,0.98100000,4409299.70000000
SXPUPUSDT,0.00000000,0.00000000
SXPDOWNUSDT,0.00000000,0.00000000
DOTBKRW,0.00000000,0.00000000
SXPGBP,0.00000000,0.00000000
FILBNB,0.01498000,2512.55000000
FILBTC,0.00011120,53728.16000000
FILBUSD,3.16800000,59862.85000000
FILUSDT,3.16800000,2040975.09000000
FILUPUSDT,0.00000000,0.00000000
FILDOWNUSDT,0.00000000,0.00000000
YFIUPUSDT,0.00000000,0.00000000
YFIDOWNUSDT,0.00000000,0.00000000
INJBNB,0.03984000,13989.10000000
INJBTC,0.00029460,80915.00000000
INJBUSD,8.43300000,33693.10000000
INJUSDT,8.39000000,2058484.50000000
AERGOBTC,0.00000357,678487.00000000
AERGOBUSD,0.10030000,130941.00000000
LINKEUR,6.98200000,10585.25000000
ONEBUSD,0.00884000,44393673.10000000
EASYETH,0.00000000,0.00000000
AUDIOBTC,0.00000477,187609.50000000
AUDIOBUSD,0.15270000,88644.70000000
AUDIOUSDT,0.13570000,4118945.40000000
CTKBNB,0.00194200,293673.80000000
CTKBTC,0.00001436,258739.40000000
CTKBUSD,0.53400000,51677.30000000
CTKUSDT,0.41000000,1755128.30000000
BCHUPUSDT,0.00000000,0.00000000
BCHDOWNUSDT,0.00000000,0.00000000
BOTBTC,0.00000000,0.00000000
BOTBUSD,0.00000000,0.00000000
ETHBRL,7917.22000000,420.18930000
DOTEUR,3.43500000,56174.23000000
AKROBTC,0.00000000,0.00000000
AKROUSDT,0.00568000,543033547.00000000
KP3RBNB,0.00000000,0.00000000
KP3RBUSD,45.39000000,426.06000000
AXSBNB,0.01957000,2329.63000000
AXSBTC,0.00014490,18533.09000000
AXSBUSD,4.13000000,23329.57000000
AXSUSDT,4.13000000,399456.76000000
HARDBNB,0.00051200,66474.00000000
HARDBTC,0.00000373,291031.00000000
HARDBUSD,0.10690000,178867.00000000
HARDUSDT,0.10710000,4856030.00000000
BNBBRL,1073.00000000,1309.20100000
LTCEUR,57.91000000,6845.52600000
RENBTCBTC,0.00000000,0.00000000
RENBTCETH,0.00000000,0.00000000
DNTBUSD,0.00000000,0.00000000
DNTUSDT,0.00000000,0.00000000
SLPETH,0.00000085,4592845.00000000
ADAEUR,0.23040000,611398.90000000
LTCNGN,0.00000000,0.00000000
CVPETH,0.00000000,0.00000000
CVPBUSD,0.30300000,37074.50000000
STRAXBTC,0.00002296,1961485.00000000
STRAXETH,0.00000000,0.00000000
STRAXBUSD,0.47100000,15330.90000000
STRAXUSDT,0.65500000,43186749.80000000
FORBTC,0.00000063,5395738.00000000
FORBUSD,0.01703000,553742.40000000
UNFIBNB,0.00000000,0.00000000
UNFIBTC,0.00020720,3891.10000000
UNFIBUSD,5.90400000,4477.80000000
UNFIUSDT,5.90900000,391434.00000000
FRONTETH,0.00000000,0.00000000
FRONTBUSD,0.26100000,299265.00000000
BCHABUSD,0.00000000,0.00000000
ROSEBTC,0.00000141,518494.00000000
ROSEBUSD,0.04016000,1894316.50000000
ROSEUSDT,0.04015000,39551648.70000000
AVAXTRY,251.40000000,96824.47000000
BUSDBRL,5.08800000,145018.50000000
AVAUSDT,0.43300000,202632.70000000
SYSBUSD,0.08070000,116858.00000000
XEMUSDT,0.02584000,16617665.00000000
HEGICETH,0.00000000,0.00000000
HEGICBUSD,0.00000000,0.00000000
AAVEUPUSDT,0.00000000,0.00000000
AAVEDOWNUSDT,0.00000000,0.00000000
PROMBNB,0.00000000,0.00000000
PROMBUSD,4.02000000,8489.85000000
XRPBRL,2.45900000,212650.00000000
XRPNGN,0.00000000,0.00000000
SKLBTC,0.00000070,655990.00000000
SKLBUSD,0.02150000,2354350.00000000
SKLUSDT,0.01986000,36971297.00000000
BCHEUR,217.20000000,286.12200000
YFIEUR,4835.00000000,0.11140000
ZILBIDR,253.40,536739.00000000
SUSDBTC,0.00000000,0.00000000
SUSDETH,0.00000000,0.00000000
SUSDUSDT,0.00000000,0.00000000
COVERETH,0.00000000,0.00000000
COVERBUSD,0.00000000,0.00000000
GLMBTC,0.00000653,898604.00000000
GLMETH,0.00000000,0.00000000
GHSTETH,0.00000000,0.00000000
GHSTBUSD,0.00000000,0.00000000
SUSHIUPUSDT,0.00000000,0.00000000
SUSHIDOWNUSDT,0.00000000,0.00000000
XLMUPUSDT,0.00000000,0.00000000
XLMDOWNUSDT,0.00000000,0.00000000
LINKBRL,37.51000000,10368.93000000
LINKNGN,0.00000000,0.00000000
LTCRUB,6040.60000000,599.81800000
TRXTRY,2.51480000,14698917.00000000
XLMEUR,0.09760000,317536.00000000
DFETH,0.00000000,0.00000000
DFBUSD,0.03600000,923891.00000000
GRTBTC,0.00000276,543427.00000000
GRTETH,0.00005040,330503.00000000
GRTUSDT,0.07840000,43368665.00000000
JUVBTC,0.00000000,0.00000000
JUVBUSD,2.06500000,11910.62000000
JUVUSDT,1.92400000,269169.70000000
PSGBTC,0.00009810,1489.46000000
PSGBUSD,3.01900000,7461.31000000
PSGUSDT,2.80900000,111355.97000000
BUSDBVND,0.00,0.00000000
USDTBVND,0.00,0.00000000
1INCHBTC,0.00000867,1744459.50000000
1INCHUSDT,0.24770000,39130165.60000000
REEFBTC,0.00000000,0.00000000
REEFUSDT,0.00121700,1208899569.00000000
OGBTC,0.00014240,6179.20000000
OGUSDT,4.06400000,378952.60000000
ATMBTC,0.00000000,0.00000000
ATMUSDT,2.24600000,123730.44000000
ASRBTC,0.00000000,0.00000000
ASRUSDT,2.17900000,166506.70000000
CELOBTC,0.00001437,21195.90000000
CELOUSDT,0.41200000,2238466.70000000
RIFBTC,0.00000260,1948446.00000000
RIFUSDT,0.07380000,31899093.00000000
CHZTRY,1.57700000,19558533.00000000
XLMTRY,2.90900000,751693.00000000
LINKGBP,5.98200000,522.59000000
GRTEUR,0.07420000,724421.00000000
BTCSTBTC,0.00000000,0.00000000
BTCSTBUSD,0.00000000,0.00000000
BTCSTUSDT,0.00000000,0.00000000
TRUBTC,0.00000114,2924982.00000000
TRUBUSD,0.00000000,0.00000000
TRUUSDT,0.03271000,47116448.00000000
DEXEETH,0.00132900,6026.77000000
DEXEBUSD,2.06000000,7784.85000000
EOSEUR,0.50400000,23057.90000000
LTCBRL,311.30000000,1506.22500000
USDCBUSD,0.00000000,0.00000000
TUSDBUSD,0.99910000,561232.00000000
PAXBUSD,0.00000000,0.00000000
CKBBTC,0.00000000,0.00000000
CKBBUSD,0.00265000,15084098.00000000
CKBUSDT,0.00253100,338025779.00000000
TWTBTC,0.00003682,87717.00000000
TWTBUSD,0.79240000,105099.00000000
TWTUSDT,1.05180000,3477959.00000000
FIROBTC,0.00005040,54536.40000000
FIROETH,0.00000000,0.00000000
FIROUSDT,1.43900000,196253.70000000
BETHETH,0.99960000,10036.85010000
DOGEEUR,0.05519000,1411592.00000000
DOGETRY,1.64300000,10511128.00000000
DOGEAUD,0.00000000,0.00000000
DOGEBRL,0.29680000,548025.00000000
DOTNGN,0.00000000,0.00000000
PROSETH,0.00000000,0.00000000
LITBTC,0.00002182,70258.00000000
LITBUSD,0.62300000,137684.70000000
LITUSDT,0.62200000,1917292.30000000
BTCVAI,0.00000000,0.00000000
BUSDVAI,1.01500000,1393.70000000
SFPBTC,0.00002251,1314465.00000000
SFPBUSD,0.59920000,19253.00000000
SFPUSDT,0.64080000,4224532.00000000
DOGEGBP,0.04796000,243755.00000000
DOTTRY,102.30000000,19470.28000000
FXSBTC,0.00018746,2093.90000000
FXSBUSD,5.35000000,6215.90000000
DODOBTC,0.00000334,236667.60000000
DODOBUSD,0.09480000,2107078.30000000
DODOUSDT,0.09470000,10254232.00000000
FRONTBTC,0.00000910,358201.00000000
EASYBTC,0.00000000,0.00000000
CAKEBTC,0.00003725,105475.36000000
CAKEUSDT,1.06000000,2695482.49000000
BAKEBUSD,0.12070000,3494225.50000000
UFTETH,0.00015560,134023.00000000
UFTBUSD,0.20610000,632494.00000000
1INCHBUSD,0.25190000,134160.70000000
BANDBUSD,1.44900000,1068669.20000000
GRTBUSD,0.07860000,455099.00000000
IOSTBUSD,0.00700000,2655371.80000000
OMGBUSD,0.46600000,87974.30000000
REEFBUSD,0.00122200,59419539.90000000
ACMBTC,0.00000000,0.00000000
ACMBUSD,2.07300000,37500.30000000
ACMUSDT,1.75100000,163731.60000000
AUCTIONBTC,0.00019370,14265.49000000
AUCTIONBUSD,5.52000000,17496.47000000
PHABTC,0.00000324,260031.00000000
PHABUSD,0.09270000,99825.00000000
DOTGBP,3.01500000,1012.68000000
ADATRY,6.86000000,565762.50000000
ADABRL,1.23900000,212100.60000000
ADAGBP,0.19780000,4935.10000000
TVKBTC,0.00000067,2858131.00000000
TVKBUSD,0.02043000,852635.00000000
BADGERBTC,0.00007340,2545.16000000
BADGERBUSD,2.07900000,1733.64000000
BADGERUSDT,2.07900000,210050.39000000
FISBTC,0.00000889,138745.00000000
FISBUSD,0.24380000,42008.00000000
FISUSDT,0.25310000,871406.00000000
DOTBRL,18.50000000,8038.26000000
ADAAUD,0.00000000,0.00000000
HOTTRY,0.03611000,792554381.00000000
EGLDEUR,22.94000000,2656.88000000
OMBTC,0.00000064,1088108.00000000
OMBUSD,0.01891000,315447.00000000
OMUSDT,0.01800000,11288409.00000000
PONDBTC,0.00000029,6318686.00000000
PONDBUSD,0.00826000,2563661.83000000
PONDUSDT,0.00827000,63934747.81000000
DEGOBTC,0.00004435,26467.65000000
DEGOBUSD,1.34700000,10260.14000000
DEGOUSDT,1.26500000,350510.60000000
AVAXEUR,8.45000000,8230.25000000
BTTTRY,0.00000000,0.00000000
CHZBRL,0.28550000,196440.00000000
UNIEUR,0.00000000,0.00000000
ALICEBTC,0.00002353,13410.48000000
ALICEBUSD,0.72600000,17207.74000000
ALICEUSDT,0.67100000,1389765.99000000
CHZBUSD,0.05596000,10683630.00000000
CHZEUR,0.05288000,298172.00000000
CHZGBP,0.05720000,9533.00000000
BIFIBNB,0.00000000,0.00000000
BIFIBUSD,0.00000000,0.00000000
LINABTC,0.00000030,5041521.00000000
LINABUSD,0.00843200,8229356.94000000
LINAUSDT,0.00840600,370943904.81000000
ADARUB,23.98000000,4704.20000000
ENJBRL,1.32800000,8332.30000000
ENJEUR,0.19640000,57651.40000000
MATICEUR,0.48390000,146125.80000000
NEOTRY,188.70000000,789.34000000
PERPBTC,0.00001792,42383.73000000
PERPBUSD,0.54698000,67032.04000000
PERPUSDT,0.51189000,1946879.30000000
RAMPBTC,0.00000000,0.00000000
RAMPBUSD,0.00000000,0.00000000
RAMPUSDT,0.00000000,0.00000000
SUPERBTC,0.00000249,127544.00000000
SUPERBUSD,0.07270000,617134.00000000
SUPERUSDT,0.07080000,3911233.00000000
CFXBTC,0.00000364,1382294.00000000
CFXBUSD,0.10360000,1132161.00000000
CFXUSDT,0.10360000,58397571.00000000
ENJGBP,0.00000000,0.00000000
EOSTRY,14.99000000,45576.70000000
LTCGBP,49.86000000,5.58300000
LUNAEUR,0.00000000,0.00000000
RVNTRY,0.38560000,4438747.64000000
THETAEUR,0.55100000,3616.80000000
XVGBUSD,0.00317300,5132564.50000000
EPSBTC,0.00000000,0.00000000
EPSBUSD,0.00000000,0.00000000
EPSUSDT,0.00000000,0.00000000
AUTOBTC,0.00000000,0.00000000
AUTOBUSD,0.00000000,0.00000000
AUTOUSDT,0.00000000,0.00000000
TKOBTC,0.00000722,28700.90000000
TKOBIDR,3360.00,254382.90000000
TKOBUSD,0.20580000,102000.90000000
TKOUSDT,0.20640000,1063778.60000000
PUNDIXETH,0.00022350,14311.90000000
PUNDIXUSDT,0.34830000,1118345.80000000
BTTBRL,0.00000000,0.00000000
BTTEUR,0.00000000,0.00000000
HOTEUR,0.00000000,0.00000000
WINEUR,0.00005980,867257448.00000000
TLMBTC,0.00000034,2798497.00000000
TLMBUSD,0.00941000,1225379.00000000
TLMUSDT,0.00972000,78057566.00000000
1INCHUPUSDT,0.00000000,0.00000000
1INCHDOWNUSDT,0.00000000,0.00000000
BTGBUSD,0.00000000,0.00000000
BTGUSDT,0.00000000,0.00000000
HOTBUSD,0.00105800,16602904.00000000
BNBUAH,8472.00000000,8.13800000
ONTTRY,4.58500000,197790.00000000
VETEUR,0.01537000,3060710.33000000
VETGBP,0.01430000,832667.37000000
WINBRL,0.00032150,4299794122.00000000
MIRBTC,0.00000000,0.00000000
MIRBUSD,0.00000000,0.00000000
MIRUSDT,0.00000000,0.00000000
BARBTC,0.00000000,0.00000000
BARBUSD,2.53300000,29260.05000000
BARUSDT,2.06500000,190674.23000000
FORTHBTC,0.00009620,9592.84000000
FORTHBUSD,3.02700000,137536.37000000
FORTHUSDT,2.74000000,438500.70000000
CAKEGBP,0.00000000,0.00000000
DOGERUB,0.00000000,0.00000000
HOTBRL,0.00000000,0.00000000
WRXEUR,0.00000000,0.00000000
EZBTC,0.00000000,0.00000000
EZETH,0.00000000,0.00000000
BAKEUSDT,0.12090000,37992147.40000000
BURGERBUSD,0.31460000,255823.80000000
BURGERUSDT,0.31410000,7661995.00000000
SLPBUSD,0.00148700,33128963.00000000
SLPUSDT,0.00133400,315659810.00000000
TRXAUD,0.00000000,0.00000000
TRXEUR,0.08445000,2169864.00000000
VETTRY,0.45710000,5487882.30000000
SHIBUSDT,0.00000672,1716224290968.00
SHIBBUSD,0.00000672,79701462844.00
ICPBTC,0.00010530,29231.43000000
ICPBNB,0.01420000,2668.09000000
ICPBUSD,3.01700000,54952.19000000
ICPUSDT,3.00300000,1592701.54000000
SHIBEUR,0.00000636,11455313460.00
SHIBRUB,0.00000000,0.00
ETCEUR,13.97000000,171.73000000
ETCBRL,0.00000000,0.00000000
DOGEBIDR,955.00,347440.00000000
ARBTC,0.00013340,2936.52000000
ARBNB,0.00000000,0.00000000
ARBUSD,3.81100000,3567.04000000
ARUSDT,3.80800000,180069.82000000
POLSBTC,0.00000945,9634.90000000
POLSBNB,0.00126900,15348.30000000
POLSBUSD,0.25670000,67013.20000000
POLSUSDT,0.26940000,516370.70000000
MDXBTC,0.00000209,333258.30000000
MDXBNB,0.00000000,0.00000000
MDXBUSD,0.06440000,555247.80000000
MDXUSDT,0.05990000,25286694.70000000
MASKBNB,0.01170000,1234.80000000
MASKBUSD,2.46700000,13157.00000000
MASKUSDT,2.46700000,1140862.40000000
LPTBTC,0.00019140,2630.58000000
LPTBNB,0.02582000,354.18000000
LPTBUSD,5.43000000,5724.48000000
LPTUSDT,5.43000000,310228.23000000
ETHUAH,62608.00000000,8.69310000
MATICBRL,2.60000000,237849.30000000
SOLEUR,22.95000000,15609.54000000
SHIBBRL,0.00003417,10421085688.00
AGIXBTC,0.00000564,646909.00000000
ICPEUR,2.84200000,2696.81000000
MATICGBP,0.42090000,1017.90000000
SHIBTRY,0.00018941,134075094640.00
MATICBIDR,8382.00,28368.80000000
MATICRUB,50.57000000,5802.40000000
NUBTC,0.00000000,0.00000000
NUBNB,0.00000000,0.00000000
NUBUSD,0.00000000,0.00000000
NUUSDT,0.00000000,0.00000000
XVGUSDT,0.00317000,184013533.00000000
RLCBUSD,0.00000000,0.00000000
CELRBUSD,0.01122000,706295.00000000
ATMBUSD,2.42000000,13017.49000000
ZENBUSD,7.19000000,9515.81000000
FTMBUSD,0.17660000,911509.00000000
THETABUSD,0.61600000,25573.60000000
WINBUSD,0.00000000,0.00000000
KAVABUSD,0.56200000,19740.50000000
XEMBUSD,0.00000000,0.00000000
ATABTC,0.00000252,420867.00000000
ATABNB,0.00000000,0.00000000
ATABUSD,0.07920000,244506.00000000
ATAUSDT,0.07180000,9752787.00000000
GTCBTC,0.00002860,33123.00000000
GTCBNB,0.00000000,0.00000000
GTCBUSD,0.81500000,31265.30000000
GTCUSDT,0.81500000,1866576.90000000
TORNBTC,0.00000000,0.00000000
TORNBNB,0.00000000,0.00000000
TORNBUSD,2.93000000,83275.43000000
TORNUSDT,0.00000000,0.00000000
MATICTRY,14.41000000,189602.60000000
ETCGBP,0.00000000,0.00000000
SOLGBP,19.92000000,524.56000000
BAKEBTC,0.00000424,517024.70000000
COTIBUSD,0.03708000,585535.00000000
KEEPBTC,0.00000000,0.00000000
KEEPBNB,0.00000000,0.00000000
KEEPBUSD,0.00000000,0.00000000
KEEPUSDT,0.00000000,0.00000000
SOLTRY,682.90000000,40509.29000000
RUNEGBP,1.27800000,55749.00000000
SOLBRL,123.30000000,6113.68000000
SCBUSD,0.00000000,0.00000000
CHRBUSD,0.08700000,193194.00000000
STMXBUSD,0.00585100,89376725.00000000
HNTBUSD,0.00000000,0.00000000
FTTBUSD,1.13000000,510414.84000000
DOCKBUSD,0.01527000,2791462.00000000
ADABIDR,3965.00,75223.50000000
ERNBNB,0.00000000,0.00000000
ERNBUSD,1.47100000,25049.00000000
ERNUSDT,1.46300000,836298.30000000
KLAYBTC,0.00000420,72305.90000000
KLAYBNB,0.00000000,0.00000000
KLAYBUSD,0.13540000,121790.50000000
KLAYUSDT,0.11980000,13999184.10000000
RUNEEUR,1.47800000,5824.60000000
MATICAUD,0.00000000,0.00000000
DOTRUB,357.70000000,1706.01000000
UTKBUSD,0.05610000,184318.00000000
IOTXBUSD,0.01775000,1365016.00000000
PHAUSDT,0.09240000,5967931.00000000
SOLRUB,2396.00000000,376.98000000
RUNEAUD,0.00000000,0.00000000
BUSDUAH,40.21000000,2599.00000000
BONDBTC,0.00009650,250792.25000000
BONDBNB,0.00000000,0.00000000
BONDBUSD,2.74000000,174475.41000000
BONDUSDT,2.75100000,8582263.95000000
MLNBTC,0.00052700,2659.35300000
MLNBNB,0.00000000,0.00000000
MLNBUSD,0.00000000,0.00000000
MLNUSDT,15.00000000,128965.60400000
GRTTRY,2.21100000,791625.00000000
CAKEBRL,0.00000000,0.00000000
ICPRUB,0.00000000,0.00000000
DOTAUD,0.00000000,0.00000000
AAVEBRL,0.00000000,0.00000000
EOSAUD,0.00000000,0.00000000
DEXEUSDT,2.07200000,78944.49000000
LTOBUSD,0.05590000,114300.00000000
ADXBUSD,0.13190000,59149.00000000
QUICKBTC,0.00000138,271077.00000000
QUICKBNB,0.00000000,0.00000000
QUICKBUSD,0.00000000,0.00000000
C98USDT,0.14450000,17883884.70000000
C98BUSD,0.13430000,560636.20000000
C98BNB,0.00000000,0.00000000
C98BTC,0.00000506,1690700.80000000
CLVBTC,0.00000104,2492556.70000000
CLVBNB,0.00000000,0.00000000
CLVBUSD,0.03282000,385298.20000000
CLVUSDT,0.02992000,13638678.40000000
QNTBTC,0.00299700,5652.19100000
QNTBNB,0.00000000,0.00000000
QNTBUSD,85.40000000,860.71300000
QNTUSDT,85.40000000,26217.37100000
FLOWBTC,0.00001473,1158187.24000000
FLOWBNB,0.00198700,354585.41000000
FLOWBUSD,0.42100000,451673.16000000
FLOWUSDT,0.42000000,5851663.38000000
XECBUSD,0.00002527,8787678188.00
AXSBRL,0.00000000,0.00000000
AXSAUD,0.00000000,0.00000000
TVKUSDT,0.01898000,39162345.00000000
MINABTC,0.00001331,134948.80000000
MINABNB,0.00000000,0.00000000
MINABUSD,0.37810000,187768.50000000
MINAUSDT,0.37900000,15537193.10000000
RAYBNB,0.00083300,88461.70000000
RAYBUSD,0.17010000,269403.80000000
RAYUSDT,0.16700000,10973619.90000000
FARMBTC,0.00082900,489.75800000
FARMBNB,0.00000000,0.00000000
FARMBUSD,21.12000000,753.88700000
FARMUSDT,23.58000000,13116.07600000
ALPACABTC,0.00000551,1981052.20000000
ALPACABNB,0.00000000,0.00000000
ALPACABUSD,0.14390000,516546.00000000
ALPACAUSDT,0.15720000,47875368.80000000
TLMTRY,0.27410000,10007268.00000000
QUICKUSDT,0.03950000,7498440.00000000
ORNBUSD,0.55190000,64541.30000000
MBOXBTC,0.00000717,59613.20000000
MBOXBNB,0.00096200,23315.30000000
MBOXBUSD,0.20330000,101633.10000000
MBOXUSDT,0.20340000,2330291.40000000
VGXBTC,0.00000000,0.00000000
VGXETH,0.00000000,0.00000000
FORUSDT,0.01794000,44861230.00000000
REQUSDT,0.06490000,59951548.00000000
GHSTUSDT,0.79000000,266493.90000000
TRURUB,0.00000000,0.00000000
FISBRL,0.00000000,0.00000000
WAXPUSDT,0.05680000,571498148.00000000
WAXPBUSD,0.04170000,299397.00000000
WAXPBNB,0.00000000,0.00000000
WAXPBTC,0.00000200,21006380.00000000
TRIBEBTC,0.00000000,0.00000000
TRIBEBNB,0.00000000,0.00000000
TRIBEBUSD,0.00000000,0.00000000
TRIBEUSDT,0.00000000,0.00000000
GNOUSDT,94.90000000,1068.11600000
GNOBUSD,0.00000000,0.00000000
GNOBNB,0.00000000,0.00000000
GNOBTC,0.00000000,0.00000000
ARPATRY,1.11510000,13233145.00000000
PROMBTC,0.00014110,1194.15000000
MTLBUSD,1.25200000,34786.40000000
OGNBUSD,0.11290000,6647862.40000000
XECUSDT,0.00002532,126352643103.00
C98BRL,0.00000000,0.00000000
SOLAUD,0.00000000,0.00000000
XRPBIDR,7835.00,52592.40000000
POLYBUSD,0.00000000,0.00000000
ELFUSDT,0.33490000,4033395.20000000
DYDXUSDT,1.83500000,2749922.24000000
DYDXBUSD,1.83400000,56204.50000000
DYDXBNB,0.00871600,6657.57000000
DYDXBTC,0.00006437,78865.08000000
ELFBUSD,0.33450000,421416.90000000
POLYUSDT,0.00000000,0.00000000
IDEXUSDT,0.04260000,13546579.60000000
VIDTUSDT,0.01697000,30226751.00000000
SOLBIDR,311087.00,772.82760000
AXSBIDR,72500.00,261.65100000
BTCUSDP,0.00000000,0.00000000
ETHUSDP,0.00000000,0.00000000
BNBUSDP,0.00000000,0.00000000
USDPBUSD,0.00000000,0.00000000
USDPUSDT,0.99990000,1047741.00000000
GALAUSDT,0.01270000,430501731.00000000
GALABUSD,0.01271000,15927376.00000000
GALABNB,0.00006024,979743.00000000
GALABTC,0.00000044,7385450.00000000
FTMBIDR,0.00,0.00000000
ALGOBIDR,0.00,0.00000000
CAKEAUD,0.00000000,0.00000000
KSMAUD,0.00000000,0.00000000
WAVESRUB,0.00000000,0.00000000
SUNBUSD,0.00544000,4455420.00000000
ILVUSDT,38.61000000,23116.13300000
ILVBUSD,38.81000000,542.45300000
ILVBNB,0.00000000,0.00000000
ILVBTC,0.00135900,656.92200000
RENBUSD,0.04539800,2117894.00000000
YGGUSDT,0.22060000,18394303.50000000
YGGBUSD,0.22050000,589566.10000000
YGGBNB,0.00000000,0.00000000
YGGBTC,0.00000775,245005.40000000
STXBUSD,0.55880000,575033.00000000
SYSUSDT,0.08060000,1933042.00000000
DFUSDT,0.03223000,7604601.00000000
SOLUSDC,0.00000000,0.00000000
ARPARUB,3.90000000,46285.00000000
LTCUAH,2466.00000000,82.48100000
FETBUSD,0.20310000,1079765.00000000
ARPABUSD,0.03959000,796766.20000000
LSKBUSD,0.84400000,18347.20000000
AVAXBIDR,0.00,0.00000000
ALICEBIDR,0.00,0.00000000
FIDAUSDT,0.15060000,7528178.80000000
FIDABUSD,0.15100000,266160.10000000
FIDABNB,0.00000000,0.00000000
FIDABTC,0.00000532,134994.70000000
DENTBUSD,0.00070700,36029293.00000000
FRONTUSDT,0.26030000,12365207.00000000
CVPUSDT,0.30360000,1232171.50000000
AGLDBTC,0.00001862,20302.90000000
AGLDBNB,0.00000000,0.00000000
AGLDBUSD,0.53000000,26906.80000000
AGLDUSDT,0.53000000,2185761.20000000
RADBTC,0.00004330,60141.00000000
RADBNB,0.00000000,0.00000000
RADBUSD,1.32100000,22427.00000000
RADUSDT,1.23400000,746389.60000000
UNIAUD,0.00000000,0.00000000
HIVEBUSD,0.27580000,71436.00000000
STPTBUSD,0.00000000,0.00000000
BETABTC,0.00000207,1331378.00000000
BETABNB,0.00033500,26811.00000000
BETABUSD,0.05868000,1221482.00000000
BETAUSDT,0.05879000,27579783.00000000
SHIBAUD,0.00000000,0.00
RAREBTC,0.00000183,431758.10000000
RAREBNB,0.00000000,0.00000000
RAREBUSD,0.05960000,56537.00000000
RAREUSDT,0.05230000,8313208.80000000
AVAXBRL,45.60000000,837.38000000
AVAXAUD,0.00000000,0.00000000
LUNAAUD,0.00000000,0.00000000
TROYBUSD,0.00226900,12677008.00000000
AXSETH,0.00265200,4696.56000000
FTMETH,0.00011330,86841.80000000
SOLETH,0.01559000,25663.41300000
SSVBTC,0.00043180,2508.45000000
SSVETH,0.00791300,1767.64000000
LAZIOTRY,46.19000000,263202.21000000
LAZIOEUR,1.54100000,1455.17000000
LAZIOBTC,0.00005756,6622.94000000
LAZIOUSDT,1.64200000,514450.19000000
CHESSBTC,0.00000420,165801.00000000
CHESSBNB,0.00000000,0.00000000
CHESSBUSD,0.11900000,123385.90000000
CHESSUSDT,0.11940000,7284104.80000000
FTMAUD,0.00000000,0.00000000
FTMBRL,0.00000000,0.00000000
SCRTBUSD,0.26290000,56329.60000000
ADXUSDT,0.13210000,2473118.00000000
AUCTIONUSDT,5.54000000,657687.31000000
CELOBUSD,0.41000000,129326.90000000
FTMRUB,0.00000000,0.00000000
NUAUD,0.00000000,0.00000000
NURUB,0.00000000,0.00000000
REEFTRY,0.03434000,135771527.00000000
REEFBIDR,0.00,0.00000000
SHIBDOGE,0.00011520,14012985068.00
DARUSDT,0.07762000,8895049.00000000
DARBUSD,0.07995000,259703.00000000
DARBNB,0.00036856,69059.00000000
DARBTC,0.00000273,138680.00000000
BNXBTC,0.00000859,166960.50000000
BNXBNB,0.00116400,130571.50000000
BNXBUSD,0.24590000,199088.10000000
BNXUSDT,0.24510000,16707527.10000000
RGTUSDT,0.00000000,0.00000000
RGTBTC,0.00000000,0.00000000
RGTBUSD,0.00000000,0.00000000
RGTBNB,0.00000000,0.00000000
LAZIOBUSD,1.64400000,14069.03000000
OXTBUSD,0.00000000,0.00000000
MANATRY,7.80000000,229592.50000000
ALGORUB,8.81000000,10536.60000000
SHIBUAH,0.00000000,0.00
LUNABIDR,0.00,0.00000000
AUDUSDC,0.00000000,0.00000000
MOVRBTC,0.00013050,2312.08900000
MOVRBNB,0.00000000,0.00000000
MOVRBUSD,3.69800000,4822.01500000
MOVRUSDT,3.69000000,138716.77700000
CITYBTC,0.00009170,2646.52000000
CITYBNB,0.00000000,0.00000000
CITYBUSD,2.96400000,7425.74000000
CITYUSDT,2.62800000,109922.38000000
ENSBTC,0.00023880,1488.27000000
ENSBNB,0.03223000,1369.34000000
ENSBUSD,6.96000000,3799.21000000
ENSUSDT,6.79000000,134478.18000000
SANDETH,0.00018120,13878.50000000
DOTETH,0.00233300,14414.43000000
MATICETH,0.00032860,221674.40000000
ANKRBUSD,0.01906000,1318997.30000000
SANDTRY,7.96000000,252250.50000000
MANABRL,1.66100000,13684.60000000
KP3RUSDT,43.90000000,10153.26000000
QIUSDT,0.00499000,83944348.00000000
QIBUSD,0.00491000,2701085.00000000
QIBNB,0.00000000,0.00000000
QIBTC,0.00000018,1970365.00000000
PORTOBTC,0.00005488,5923.53000000
PORTOUSDT,1.56600000,471126.83000000
PORTOTRY,44.21000000,328606.85000000
PORTOEUR,1.47100000,1348.59000000
POWRUSDT,0.15950000,7769861.00000000
POWRBUSD,0.00000000,0.00000000
AVAXETH,0.00575000,9455.46000000
SLPTRY,0.03754000,52821255.00000000
FISTRY,0.00000000,0.00000000
LRCTRY,4.54000000,492228.10000000
CHRETH,0.00005580,66022.50000000
FISBIDR,0.00,0.00000000
VGXUSDT,0.12170000,37906556.10000000
GALAETH,0.00000816,2490397.00000000
JASMYUSDT,0.00304600,662375743.00000000
JASMYBUSD,0.00304600,38517969.30000000
JASMYBNB,0.00000000,0.00000000
JASMYBTC,0.00000000,0.00000000
AMPBTC,0.00000000,0.00000000
AMPBNB,0.00000000,0.00000000
AMPBUSD,0.00141600,10607706.00000000
AMPUSDT,0.00142000,235851125.00000000
PLABTC,0.00000525,260441.06000000
PLABNB,0.00000000,0.00000000
PLABUSD,0.14770000,203309.26000000
PLAUSDT,0.15030000,11772644.67000000
PYRBTC,0.00009680,4667.37500000
PYRBUSD,2.75200000,18599.53100000
PYRUSDT,2.75600000,237835.02700000
RNDRBTC,0.00006850,426029.63000000
RNDRUSDT,1.95100000,6149778.60000000
RNDRBUSD,1.95200000,194012.34000000
ALCXBTC,0.00041220,1017.82170000
ALCXBUSD,10.73000000,2193.80570000
ALCXUSDT,11.77000000,53248.49230000
SANTOSBTC,0.00009183,24460.66000000
SANTOSUSDT,2.62900000,2011054.98000000
SANTOSBRL,0.00000000,0.00000000
SANTOSTRY,74.11000000,1278316.79000000
MCBTC,0.00001307,2512857.15000000
MCBUSD,0.26570000,209934.99000000
MCUSDT,0.37240000,12513617.10000000
BELTRY,14.74000000,431179.08000000
COCOSBUSD,0.00000000,0.00000000
DENTTRY,0.01688000,1939569521.00000000
ENJTRY,5.86000000,273684.79000000
NEORUB,734.00000000,743.34700000
SANDAUD,0.00000000,0.00000000
SLPBIDR,0.00,0.00000000
ANYBTC,0.00000000,0.00000000
ANYBUSD,0.00000000,0.00000000
ANYUSDT,0.00000000,0.00000000
BICOBTC,0.00000726,117426.79000000
BICOBUSD,0.25140000,3861493.97000000
BICOUSDT,0.20650000,11091230.55000000
FLUXBTC,0.00001123,17553.71000000
FLUXBUSD,0.32650000,113249.62000000
FLUXUSDT,0.32050000,1576562.39000000
ALICETRY,18.91000000,61840.39600000
FXSUSDT,5.32100000,344062.10000000
GALABRL,0.06460000,2613576.40000000
GALATRY,0.35820000,26316489.20000000
LUNATRY,11.30000000,1250911.80000000
REQBUSD,0.06330000,127981.00000000
SANDBRL,1.80700000,94203.04000000
MANABIDR,0.00,0.00000000
SANDBIDR,0.00,0.00000000
VOXELBTC,0.00000455,158151.80000000
VOXELBNB,0.00000000,0.00000000
VOXELBUSD,0.13070000,116350.60000000
VOXELUSDT,0.13070000,5419168.00000000
COSBUSD,0.00517000,4208814.90000000
CTXCBUSD,0.11500000,80090.00000000
FTMTRY,4.97600000,603803.84000000
MANABNB,0.00000000,0.00000000
MINATRY,10.67000000,1378889.88000000
XTZTRY,17.62000000,29549.39000000
HIGHBTC,0.00003761,18517.89700000
HIGHBUSD,1.06800000,28841.41100000
HIGHUSDT,1.06800000,2014013.05300000
CVXBTC,0.00008750,11423.93600000
CVXBUSD,2.59700000,6275.88800000
CVXUSDT,2.50100000,201043.57600000
PEOPLEBTC,0.00000031,1699459.00000000
PEOPLEBUSD,0.00950000,1878816.70000000
PEOPLEUSDT,0.00884000,76975725.70000000
OOKIBUSD,0.00162900,18002063.00000000
OOKIUSDT,0.00180000,4322832206.00000000
COCOSTRY,0.00000000,0.00000000
GXSBNB,0.00000000,0.00000000
LINKBNB,0.03501000,3887.63300000
LUNAETH,0.00000000,0.00000000
MDTBUSD,0.04578000,756487.30000000
NULSBUSD,0.17850000,24401.00000000
SPELLBTC,0.00000000,0.00000000
SPELLUSDT,0.00041590,4440126891.00000000
SPELLBUSD,0.00039730,32611074.00000000
USTBTC,0.00000000,0.00000000
USTBUSD,0.00000000,0.00000000
USTUSDT,0.00000000,0.00000000
JOEBTC,0.00000757,44016.22000000
JOEBUSD,0.21560000,88074.34000000
JOEUSDT,0.21480000,4021307.02000000
ATOMETH,0.00401700,11385.57400000
DUSKBUSD,0.10430000,291872.00000000
EGLDETH,0.01553000,1205.56730000
ICPETH,0.00193300,6089.99500000
LUNABRL,0.00000000,0.00000000
LUNAUST,0.00000000,0.00000000
NEARETH,0.00062900,42792.01200000
ROSEBNB,0.00000000,0.00000000
VOXELETH,0.00000000,0.00000000
ALICEBNB,0.00000000,0.00000000
ATOMTRY,176.20000000,10218.74200000
ETHUST,0.00000000,0.00000000
GALAAUD,0.00000000,0.00000000
LRCBNB,0.00083900,10053.39000000
ONEETH,0.00000000,0.00000000
OOKIBNB,0.00000000,0.00000000
ACHBTC,0.00000045,8503561.00000000
ACHBUSD,0.01293000,2641733.00000000
ACHUSDT,0.01292000,109255275.00000000
IMXBTC,0.00001816,18939.51000000
IMXBUSD,0.51780000,21507.16000000
IMXUSDT,0.51780000,3013125.88000000
GLMRBTC,0.00000587,290145.30000000
GLMRBUSD,0.16760000,198538.90000000
GLMRUSDT,0.16770000,11299958.80000000
ATOMBIDR,0.00,0.00000000
DYDXETH,0.00000000,0.00000000
FARMETH,0.00000000,0.00000000
FORBNB,0.00000000,0.00000000
ICPTRY,84.70000000,10358.16400000
JASMYETH,0.00000000,0.00000000
LINABNB,0.00000000,0.00000000
OOKIETH,0.00000000,0.00000000
ROSEETH,0.00002581,65597.40000000
UMABUSD,1.32700000,11695.20000000
UNIETH,0.00250700,9558.35100000
XTZETH,0.00000000,0.00000000
LOKABTC,0.00000622,61530.70000000
LOKABNB,0.00083310,46972.70000000
LOKABUSD,0.18490000,252066.50000000
LOKAUSDT,0.17560000,2687340.40000000
ATOMBRL,0.00000000,0.00000000
BNBUST,0.00000000,0.00000000
CRVETH,0.00026830,8858.82000000
HIGHBNB,0.00506600,4577.91000000
NEARRUB,97.00000000,4805.97200000
ROSETRY,1.13300000,1761851.60000000
SCRTUSDT,0.25300000,6352273.00000000
API3BTC,0.00003565,17215.16000000
API3BUSD,0.00000000,0.00000000
API3USDT,1.01600000,729216.63000000
BTTCUSDT,0.00000038,809484418997.0
BTTCUSDC,0.00000000,0.0
BTTCTRY,0.00001048,734420549519.0
ACABTC,0.00000158,345610.67000000
ACABUSD,0.04640000,1228281.51000000
ACAUSDT,0.04500000,13108056.16000000
ANCBTC,0.00000000,0.00000000
ANCBUSD,0.00000000,0.00000000
ANCUSDT,0.00000000,0.00000000
BDOTDOT,0.99040000,92170.64100000
XNOBTC,0.00002126,12588.76000000
XNOETH,0.00000000,0.00000000
XNOBUSD,0.66300000,21590.36000000
XNOUSDT,0.60500000,123453.95000000
COSTRY,0.12300000,38019946.00000000
KAVAETH,0.00035900,741.31000000
MCBNB,0.00000000,0.00000000
ONETRY,0.24910000,1960377.70000000
WOOBTC,0.00000583,117593.10000000
WOOBNB,0.00078800,11108.40000000
WOOBUSD,0.16450000,578635.90000000
WOOUSDT,0.16590000,5337342.20000000
CELRETH,0.00000000,0.00000000
PEOPLEBNB,0.00000000,0.00000000
SLPBNB,0.00000000,0.00000000
SPELLBNB,0.00000000,0.00000000
SPELLTRY,0.01171000,580047628.00000000
TFUELBUSD,0.04390000,3549419.00000000
AXSTRY,116.40000000,4030.81500000
DARTRY,2.18900000,1113764.19000000
NEARTRY,27.65000000,19942.66400000
IDEXBNB,0.00020070,74836.80000000
ALPINEEUR,1.48200000,3492.08000000
ALPINETRY,43.87000000,373251.90000000
ALPINEUSDT,1.55800000,825674.51000000
ALPINEBTC,0.00005457,6282.09000000
TUSDT,0.01941000,255779844.60000000
TBUSD,0.01943000,5189740.60000000
API3BNB,0.00000000,0.00000000
BETAETH,0.00003792,598496.70000000
INJTRY,236.75000000,112122.30000000
TLMBNB,0.00000000,0.00000000
ASTRBUSD,0.05000000,2697805.40000000
ASTRUSDT,0.03970000,47756850.30000000
API3TRY,28.63000000,70745.84000000
GLMRBNB,0.00000000,0.00000000
MBOXTRY,5.73000000,537013.92000000
NBTBIDR,39.10,596381.00000000
NBTUSDT,0.00252000,2033824.00000000
GMTBTC,0.00000493,284703.70000000
GMTBNB,0.00066800,64605.10000000
GMTBUSD,0.14050000,418502.70000000
GMTUSDT,0.14050000,14045387.00000000
ANCBNB,0.00000000,0.00000000
ATOMEUR,5.92200000,2358.35000000
GALAEUR,0.01211000,904340.00000000
KSMETH,0.00000000,0.00000000
UMATRY,37.78000000,806776.10000000
KDABTC,0.00001461,44324.65000000
KDABUSD,0.42000000,46264.56000000
KDAUSDT,0.41600000,1483048.91000000
APEUSDT,1.07800000,8355865.99000000
APEBUSD,1.07700000,173822.82000000
APEBTC,0.00003777,75516.97000000
ALPINEBUSD,1.74900000,43741.97000000
LUNAGBP,0.00000000,0.00000000
NEAREUR,0.92900000,22480.20000000
TWTTRY,29.66000000,326138.41000000
WAVESEUR,1.35400000,4535.77000000
APEEUR,1.01900000,11727.66000000
APEGBP,0.00000000,0.00000000
APETRY,30.35000000,923132.22900000
BSWUSDT,0.05890000,14641790.40000000
BSWBUSD,0.06700000,1266431.30000000
BSWBNB,0.00027900,876290.70000000
APEBNB,0.00510100,5885.62700000
GMTBRL,0.00000000,0.00000000
GMTETH,0.00009030,149273.50000000
JASMYTRY,0.08578000,56088025.00000000
SANTOSBUSD,2.63500000,197317.92000000
APEAUD,0.00000000,0.00000000
BIFIUSDT,344.90000000,353.43200000
GMTEUR,0.13310000,47502.00000000
IMXBNB,0.00236200,2720.82000000
RUNEETH,0.00100240,34968.37500000
AVAXGBP,0.00000000,0.00000000
MULTIBTC,0.00007072,283578.72400000
MULTIBUSD,2.02000000,583935.49000000
MULTIUSDT,2.02100000,13070336.31400000
APEETH,0.00069430,16047.39400000
BSWETH,0.00000000,0.00000000
FILTRY,89.25000000,4985.33500000
FTMEUR,0.16700000,147191.00000000
GMTGBP,0.00000000,0.00000000
ZILTRY,0.46870000,3102322.80000000
GMTTRY,3.97000000,669474.70000000
WAVESTRY,40.62000000,202223.66700000
BTCUST,0.00000000,0.00000000
ASTRBTC,0.00000139,727601.80000000
ASTRETH,0.00000000,0.00000000
BSWTRY,1.65400000,1131400.08000000
FTTETH,0.00000000,0.00000000
FUNBNB,0.00001949,195462.00000000
PORTOBUSD,1.75700000,14627.99000000
STEEMUSDT,0.17360000,4910227.90000000
ZILEUR,0.00000000,0.00000000
APEBRL,0.00000000,0.00000000
AUDIOTRY,3.82700000,567487.73000000
BTTCBUSD,0.00000045,203257991436.0
GMTAUD,0.00000000,0.00000000
MBLBUSD,0.00265800,4359796.00000000
MOBUSDT,0.47000000,1012219.21000000
MOBBUSD,0.55000000,60042.83000000
MOBBTC,0.00001645,29073.10000000
NEXOUSDT,0.53700000,1164844.00000000
NEXOBUSD,0.00000000,0.00000000
NEXOBTC,0.00001885,349479.56000000
REIUSDT,0.02445000,62192057.90000000
REIBNB,0.00000000,0.00000000
REIETH,0.00000000,0.00000000
GALUSDT,1.11800000,956799.50500000
GALBUSD,1.35100000,41914.68800000
GALBNB,0.00000000,0.00000000
GALBTC,0.00003929,52086.42200000
JASMYEUR,0.00000000,0.00000000
KNCBNB,0.00255000,2695.15000000
SHIBGBP,0.00000000,0.00
GALEUR,0.99500000,615.96200000
GALTRY,31.66000000,46082.42200000
LDOBUSD,1.49200000,68505.14000000
LDOUSDT,1.49100000,3364921.57000000
LDOBTC,0.00005231,63167.52000000
ENSTRY,191.60000000,2408.84400000
DAREUR,0.07342000,187579.00000000
DARETH,0.00000000,0.00000000
ALGOETH,0.00005720,95920.60000000
ALGOTRY,2.51300000,431614.60000000
GALETH,0.00000000,0.00000000
EPXUSDT,0.00017070,2955146395.00000000
EPXBUSD,0.00016980,159225999.00000000
RUNETRY,0.00000000,0.00000000
GALBRL,0.00000000,0.00000000
STEEMBUSD,0.00000000,0.00000000
CVCBUSD,0.06880000,3924307.00000000
REIBUSD,0.03079000,18010706.30000000
DREPBUSD,0.25330000,205944.00000000
AKROBUSD,0.00568000,21000143.00000000
PUNDIXBUSD,0.33360000,91162.90000000
LUNCBUSD,0.00005535,16833953901.58000000
USTCBUSD,0.01086088,12200685.00000000
OPBTC,0.00004140,32254.01000000
OPBUSD,1.18000000,130190.61000000
OPUSDT,1.18000000,6352643.17000000
OGBUSD,4.07600000,19537.70000000
KEYBUSD,0.00590900,77109991.00000000
ASRBUSD,2.15900000,10530.70000000
FIROBUSD,1.44100000,5894.30000000
NKNBUSD,0.09720000,318478.00000000
OPBNB,0.00560000,9800.80000000
OPEUR,1.11700000,12716.43000000
GTOBUSD,0.00000000,0.00000000
SNXETH,0.00122500,24667.61000000
WBTCBUSD,28478.41000000,27.64194000
BELETH,0.00000000,0.00000000
LITETH,0.00000000,0.00000000
LEVERUSDT,0.00121200,4019640893.00000000
LEVERBUSD,0.00121400,52986646.00000000
BURGERETH,0.00000000,0.00000000
PEOPLEETH,0.00000000,0.00000000
UNFIETH,0.00000000,0.00000000
BONDETH,0.00000000,0.00000000
STORJTRY,10.69000000,4356914.10000000
OPETH,0.00075800,22827.00000000
ETCTRY,415.00000000,367.45000000
WINGETH,0.00000000,0.00000000
FILETH,0.00203400,12942.30000000
GLMBUSD,0.17860000,44535.40000000
SSVBUSD,15.74000000,11553.30700000
STGBTC,0.00001370,44871.30000000
STGBUSD,0.41400000,31757.20000000
STGUSDT,0.39040000,3459320.40000000
ANKRTRY,0.54330000,3785913.00000000
ARKBUSD,0.53560000,674030.00000000
BETHBUSD,1551.73000000,71.46980000
LOOMBUSD,0.04003000,819013.00000000
SNMBUSD,0.01470000,153548622.00000000
AMBBUSD,0.00796000,16028379.00000000
LUNCUSDT,0.00005535,35812982663.68000000
PHBBUSD,0.54480000,216827.00000000
GASBUSD,2.25200000,1057.10000000
NEBLBUSD,0.00000000,0.00000000
PROSBUSD,0.24540000,176620.00000000
VIBBUSD,0.04217000,386896.00000000
GMXBTC,0.00122900,615.24700000
GMXBUSD,31.67000000,551.73700000
GMXUSDT,34.98000000,75134.02600000
AGIXBUSD,0.16047000,1047288.00000000
NEBLUSDT,0.00000000,0.00000000
SNTBUSD,0.02283000,816710.00000000
POLYXBTC,0.00000470,3198447.50000000
POLYXBUSD,0.12170000,406168.00000000
POLYXUSDT,0.13390000,64421310.20000000
APTBTC,0.00017482,31124.49000000
APTUSDT,4.98590000,2413677.35000000
APTBUSD,4.98000000,28299.63000000
BTCPLN,120649.00000000,10.88047000
ETHPLN,6594.00000000,63.16800000
BUSDPLN,4.23200000,16109.00000000
APTEUR,4.73920000,739.54000000
APTTRY,140.30000000,22661.70000000
APTBRL,0.00000000,0.00000000
QKCBUSD,0.00000000,0.00000000
OSMOBTC,0.00000798,93381.02000000
OSMOUSDT,0.22800000,6179965.48000000
OSMOBUSD,0.46400000,54098.79000000
HFTBTC,0.00000771,576800.70000000
HFTBUSD,0.21950000,1789385.60000000
HFTUSDT,0.21900000,32801470.60000000
ARPAETH,0.00002544,147479.00000000
PHBUSDT,0.54140000,2107667.00000000
VITEBUSD,0.00000000,0.00000000
HOOKBTC,0.00002500,36306.90000000
HOOKUSDT,0.71210000,1864615.50000000
HOOKBUSD,0.71290000,111193.10000000
HOOKBNB,0.00337450,2423.60000000
MAGICBTC,0.00001482,168957.90000000
MAGICBUSD,0.42190000,332446.40000000
MAGICUSDT,0.42170000,11217751.40000000
BUSDRON,4.75000000,9798.00000000
HIFIETH,0.00031250,52915.90000000
HIFIUSDT,0.48800000,10688141.70000000
RPLBTC,0.00065000,628.01000000
RPLBUSD,18.52000000,276.60000000
RPLUSDT,18.53000000,12177.72000000
PROSUSDT,0.24620000,5495821.00000000
FETTRY,5.73600000,1312866.00000000
GFTBUSD,0.02911000,79888212.00000000
AGIXUSDT,0.16034000,19487334.00000000
APTETH,0.00319900,5410.21000000
BTCRON,135246.00000000,1.00988000
GNSUSDT,2.94000000,116560.64000000
GNSBTC,0.00010280,3665.79000000
SYNBTC,0.00001046,126806.30000000
SYNUSDT,0.29820000,3531149.40000000
VIBUSDT,0.05462000,257766902.00000000
SSVUSDT,12.32000000,164819.89400000
LQTYUSDT,1.49300000,5222573.20000000
LQTYBTC,0.00005259,153588.90000000
AMBUSDT,0.00811000,325228037.00000000
BETHUSDT,1556.27000000,534.66640000
CFXTRY,2.92000000,3818442.00000000
STXTRY,15.73700000,439996.50000000
USTCUSDT,0.01089794,69214773.00000000
GASUSDT,2.26600000,46723.50000000
GLMUSDT,0.18670000,18985045.90000000
PROMUSDT,4.02400000,39928.23000000
QKCUSDT,0.00798900,59887432.00000000
UFTUSDT,0.24140000,4200046.00000000
IDBTC,0.00000617,36808.00000000
IDBNB,0.00082640,10298.00000000
IDUSDT,0.17494000,13067164.00000000
ARBBTC,0.00002726,548088.00000000
ARBUSDT,0.77720000,17477179.30000000
AGIXTRY,4.52000000,535834.00000000
LOOMUSDT,0.10785000,1075012618.00000000
OAXUSDT,0.16240000,63449175.00000000
ARBTUSD,0.77890000,168810.40000000
ARBTRY,21.89000000,164632.30000000
ARBEUR,0.73720000,16534.10000000
IDTUSD,0.17646000,45680.00000000
IDTRY,4.93200000,733150.00000000
IDEUR,0.16674000,8712.00000000
LDOTUSD,1.49400000,15413.96000000
MATICTUSD,0.51170000,34315.30000000
OPTUSD,1.18000000,12600.38000000
SOLTUSD,24.26000000,11162.54000000
SSVTUSD,12.33000000,1208.94400000
RDNTBTC,0.00000704,75528.00000000
RDNTUSDT,0.20070000,14440230.00000000
RDNTTUSD,0.20100000,116721.00000000
ARBRUB,76.10000000,2800.50000000
JOETRY,6.06000000,387919.80000000
MAGICTRY,11.88000000,436812.00000000
USDTPLN,4.23600000,741820.00000000
ACHTRY,0.36420000,5835775.00000000
XVSTRY,129.20000000,25353.56000000
EGLDRON,113.90000000,331.80000000
USDTRON,4.74300000,213918.00000000
USDTARS,981.20000000,497015.00000000
DOGETUSD,0.05832000,528788.00000000
WBTCUSDT,28480.41000000,10.12839000
EDUUSDT,0.38349000,4499773.00000000
EDUTUSD,0.38495000,50013.00000000
EDUBNB,0.00182340,24241.00000000
EDUBTC,0.00001346,42689.00000000
EDUEUR,0.36022000,1538.00000000
EDUTRY,10.81000000,499300.00000000
SUIUSDT,0.36830000,42914137.70000000
SUITUSD,0.36840000,470584.60000000
SUIBTC,0.00001293,1243539.20000000
SUIBNB,0.00174300,191833.90000000
SUIEUR,0.34930000,46780.30000000
SUITRY,10.37000000,1976031.20000000
AERGOUSDT,0.10180000,5525059.00000000
RNDRTRY,55.05000000,153680.40000000
PEPEUSDT,0.00000063,6946998497853.00
PEPETUSD,0.00000064,59896936805.00
FLOKIUSDT,0.00001809,528346186685.00
FLOKITUSD,0.00001843,2011711659.00
OGTRY,114.60000000,97149.69000000
PEPETRY,0.00001791,3284931290232.00
WBETHETH,1.01940000,977.52460000
ASTUSDT,0.08140000,3231596.00000000
SNTUSDT,0.02425000,25121491.00000000
FLOKITRY,0.00050980,142557546103.00
CITYTRY,74.10000000,38033.19000000
COMBOUSDT,0.50100000,1472118.90000000
COMBOBNB,0.00236800,9614.40000000
COMBOTRY,14.10000000,292929.10000000
LTCTRY,1725.00000000,2557.19500000
RADTRY,34.75000000,21058.30000000
BTCARS,27968969.00000000,1.72519000
OPTRY,33.33000000,31780.39000000
PAXGTRY,54806.00000000,48.90590000
MAVBTC,0.00000713,176854.00000000
MAVUSDT,0.20370000,9781776.00000000
MAVTUSD,0.20460000,149351.00000000
CFXTUSD,0.10350000,1130893.00000000
PENDLEBTC,0.00002427,18644.60000000
PENDLEUSDT,0.68840000,2708166.70000000
PENDLETUSD,0.68710000,19595.40000000
MAVTRY,5.75000000,620363.00000000
OCEANTRY,7.83000000,118235.00000000
TUSDTRY,28.17000000,246361.00000000
ARBETH,0.00049950,65960.30000000
BCHTRY,6447.00000000,133.79500000
XVGTRY,0.08930000,10559023.00000000
XVGTUSD,0.00316800,4102141.00000000
ARKMUSDT,0.29840000,16753871.00000000
ARKMTUSD,0.29840000,364901.00000000
ARKMTRY,8.41500000,3561263.00000000
ARKMBNB,0.00141870,157193.00000000
ARKMBTC,0.00001046,223545.00000000
WBETHUSDT,1588.46000000,197.95710000
ACATRY,1.26800000,4004821.00000000
AVAXTUSD,9.02000000,2330.48000000
COMPTUSD,39.81000000,36.70700000
COMPTRY,1120.00000000,573.37900000
XECTRY,0.00071390,22472895418.00
QUICKTUSD,0.03952000,80926.00000000
WLDUSDT,1.48400000,12703072.00000000
WLDBTC,0.00005216,313378.90000000
BNBFDUSD,210.80000000,660.38300000
FDUSDBUSD,0.99970000,2920039.00000000
FDUSDUSDT,0.99970000,122325047.00000000
ARKMRUB,29.47000000,20817.00000000
WLDTRY,41.78000000,428153.10000000
WLDRUB,146.60000000,1002.80000000
AMPTRY,0.04000000,24134972.00000000
OGNTRY,3.02700000,12134934.00000000
BTCFDUSD,28504.03000000,42026.17500000
ETHFDUSD,1555.91000000,755.48710000
ASRTRY,61.39000000,16065.60000000
ATMTRY,63.00000000,7176.70000000
ACMTRY,49.29000000,11877.10000000
BARTRY,58.04000000,62613.30000000
JUVTRY,54.19000000,91235.50000000
PSGTRY,78.79000000,24717.00000000
SEIBNB,0.00045880,2088888.30000000
SEIBTC,0.00000339,5919050.80000000
SEIFDUSD,0.09670000,1430407.00000000
SEITRY,2.72100000,48772275.70000000
SEIUSDT,0.09650000,197033229.80000000
CYBERBNB,0.01941000,2958.00000000
CYBERBTC,0.00014291,24822.72000000
CYBERFDUSD,4.04700000,2156.11000000
CYBERTRY,114.60000000,937708.02000000
CYBERUSDT,4.06500000,2201713.60000000
CYBERTUSD,4.07000000,1469.07000000
SEITUSD,0.09660000,1466381.30000000
LPTTRY,153.90000000,3321.24000000
UNITRY,110.00000000,23179.78000000
SOLFDUSD,24.25000000,10094.58000000
TOMOTRY,42.62000000,34139.00000000
UNFITRY,166.50000000,93631.99000000
XRPFDUSD,0.48390000,212004.00000000
DOGEFDUSD,0.05840000,215924.00000000
CYBERETH,0.00261000,2724.91000000
MTLTRY,35.23000000,133558.10000000
ARKUSDT,0.43970000,10586121.00000000
CREAMUSDT,15.54000000,641408.20900000
GFTUSDT,0.01397000,291028170.00000000
IQUSDT,0.00454000,39708777.00000000
USDTVAI,1.00600000,7580.80000000
ARBFDUSD,0.77850000,8714.00000000
FDUSDTRY,28.18000000,897546.00000000
FRONTTRY,7.34300000,3501551.00000000
SUIFDUSD,0.37000000,131563.50000000
NTRNBTC,0.00000900,2528773.20000000
NTRNUSDT,0.25610000,28783844.50000000
NTRNBNB,0.00121600,1381995.60000000
FILFDUSD,3.15800000,436.39000000
FRONTTUSD,0.25940000,89803.00000000
LEVERTRY,0.03418000,316967138.00000000
LTCFDUSD,61.40000000,156.32700000
ADAFDUSD,0.24390000,87523.80000000
RUNETUSD,1.55900000,1519.10000000
TRBTRY,1747.00000000,42213.20000000
ATOMFDUSD,6.24100000,264.72000000
AVAXFDUSD,8.98000000,421.09000000
BANDTRY,40.81000000,616354.60000000
BCHFDUSD,229.00000000,9.24900000
LOOMTRY,3.04000000,33919186.00000000
MATICFDUSD,0.51220000,2631.10000000
